investor_id,year,hq_in_africa,ego_size,ego_density,diversity_type,diversity_geo,diversity_combined,pct_local,pct_regional,pct_international,experience_cumulative,n_deals,hrv_share,avg_clustering,ego_edges,year_2023,year_2024
inv_0000,2023,0,14,0.4921360721390931,0.7297541083529645,0.4038485101853162,0.05283056646520756,0.4823069570239864,0.16948224881089682,0.3482107941651168,1,3,0.12340457802201514,0.7640239018094996,44,1,0
inv_0000,2024,0,4,0.33637367083114084,0.3086778907341698,0.4084630768666149,0.5220477205645597,0.15307198807707229,0.1833665318627093,0.6635614800602183,1,2,0.203167289436222,0.7515358905093282,2,0,1
inv_0001,2023,0,3,0.7556254750646385,0.7913961926768668,0.3051310735502679,-0.2616401050160738,0.3842403970907588,0.11509875862328318,0.5006608442859579,5,5,0.0,0.9305736447255089,2,1,0
inv_0001,2024,0,14,0.3830214556685028,0.5456883222803692,0.4552172338993165,0.4505212620863194,0.10619353616561847,0.24912773873082297,0.6446787251035586,5,3,0.20208770583261176,0.7324503605170462,34,0,1
inv_0001,2022,0,9,0.6978480236584201,0.5274646485986377,0.33098580734509664,0.7913152546622415,0.25316773291298506,0.14253111677152136,0.6043011503154936,1,5,0.1034573159739674,0.4623922725487937,25,0,0
inv_0002,2023,0,2,0.23482696012260482,0.7689025045361668,0.6940234506117904,-0.2612524875613067,0.1057077608228188,0.10710664617012935,0.7871855930070519,4,2,0.2084865943651665,0.2965101579953974,0,1,0
inv_0003,2024,1,35,0.6456554320861548,0.6660082767790382,0.6806683232885539,1.438307115297517,0.33662210918192714,0.04415989282730771,0.6192179979907652,5,6,0.0,0.8420744792900939,384,0,1
inv_0004,2022,1,4,0.5732884082680145,0.5934760476200079,0.4271293814557868,0.8465584169309202,0.3045896902966359,0.11234317702799593,0.5830671326753682,3,4,0.0,0.9017549360703584,3,0,0
inv_0005,2022,0,95,0.09277099719005767,0.4334711020834176,0.4385840891537861,-0.6299270185378719,0.09859590937443159,0.04083658088981239,0.860567509735756,1,1,0.0,0.8410382556676138,414,0,0
inv_0006,2023,1,7,0.3919415399665435,0.5376778631177571,0.6889030170289632,1.135093029233899,0.2389605572329572,0.10747334023397759,0.6535661025330652,1,4,0.2884985485687787,0.6266779586381932,8,1,0
inv_0007,2024,0,16,0.5671186659522409,0.3061040657632606,0.25088146420696955,-0.07769070783815629,0.5005148201804256,0.23068113778762928,0.26880404203194513,7,2,0.2020313679803702,0.4939387339169264,68,0,1
inv_0007,2022,0,45,0.5489704109602999,0.7731276137166441,0.39420294166642733,0.10669565895551567,0.11525513070746211,0.09141091173443718,0.7933339575581008,9,3,0.12542990734219892,0.7787829912245214,543,0,0
inv_0008,2023,0,39,0.8316409895309629,0.5677162418392119,0.4736958148367934,-0.562774957574489,0.5139897438751573,0.20327226292211034,0.2827379932027324,2,2,0.20854628299130473,0.5934260051808536,616,1,0
inv_0008,2024,0,59,0.6314689279044472,0.6356543135808033,0.40657181990423225,0.7551571301518643,0.28760484612626586,0.25881570755026423,0.45357944632346986,6,2,0.223292575963234,0.3753261027851734,1080,0,1
inv_0009,2022,1,3,0.49445431383784594,0.744041596322253,0.6408090598563234,0.33090781864366287,0.45001742666144484,0.1371880850219462,0.4127944883166089,2,2,0.0,0.5289670151342277,1,0,0
inv_0009,2024,1,4,0.42986120567460684,0.48395207486209,0.14109733126463742,0.9890055636004875,0.30473833632078495,0.23506975129907828,0.4601919123801368,1,3,0.2166880177249743,0.35339978251243515,2,0,1
inv_0009,2023,1,14,0.41270959992792,0.376495361732666,0.8522790866861063,0.009214088747544369,0.417780490849629,0.5416878008961468,0.04053170825422425,5,2,0.3131048682265286,0.8952817050434858,37,1,0
inv_0010,2022,0,23,0.5783208250728359,0.7921554911098099,0.2304078259873706,-0.28232263029606275,0.5784444840100174,0.30133283009913053,0.12022268589085211,1,1,0.0,0.7150406576585076,146,0,0
inv_0010,2023,0,12,0.41553650127478314,0.5960077651164295,0.536569726839619,-0.34714965727820035,0.6112123152437525,0.33649515999060886,0.052292524765638615,29,6,0.0,0.585286875690182,27,1,0
inv_0011,2024,0,3,0.6765675501791267,0.5293788540012879,0.38060195370819494,0.5668257436343427,0.17275051871881564,0.2769688875132702,0.5502805937679142,1,2,0.32893626208615495,0.9637385467762769,2,0,1
inv_0012,2023,1,18,0.6328119585660779,0.3496375301175089,0.3820001125382266,-0.09427985960218926,0.2675032847898853,0.2793043172240125,0.4531923979861022,5,1,0.0,0.4627966389240176,96,1,0
inv_0012,2024,1,10,0.8181580291529502,0.41491693076191705,0.3421890260456526,0.2875098810188695,0.41446654572420616,0.04817987114711413,0.5373535831286798,5,3,0.5847222527463244,0.8120670846618775,36,0,1
inv_0013,2023,0,10,0.5550317625794428,0.8250797111290912,0.2284689802714939,-0.16474158984506576,0.4442736864207381,0.14270469682169987,0.413021616757562,4,1,0.21163059871977957,0.5047048750318618,24,1,0
inv_0013,2022,0,2,0.19729649874172453,0.28506232425045275,0.3793402602676074,0.602067139918141,0.4885001616515699,0.2881154381642522,0.22338440018417793,19,1,0.0,0.7833849076074596,0,0,0
inv_0013,2024,0,23,0.7183647488492946,0.6318340649294732,0.34626586663510617,-1.1382419572834492,0.5707501224127591,0.1944448241476199,0.23480505343962096,1,2,0.0,0.5794103699657546,181,0,1
inv_0014,2022,0,13,0.6479766356030923,0.4192925690379018,0.6772314677765985,0.4476262961786707,0.3517280676555941,0.2194314702130611,0.42884046213134486,6,2,0.24159703159517992,0.6030323556769409,50,0,0
inv_0014,2024,0,51,0.7887195050942483,0.7149960905207865,0.6508913515273889,1.635074551276646,0.07789253918056706,0.1403148402373913,0.7817926205820417,3,2,0.19287549817049182,0.7907164349169344,1005,0,1
inv_0015,2022,0,11,0.4154788936774674,0.35701389573687514,0.10964960540366,1.2388208869869584,0.3406135277226437,0.119778702061068,0.5396077702162884,8,3,0.4753327228433385,0.9004255867186345,22,0,0
inv_0015,2024,0,19,0.44079440358896255,0.44557910959248015,0.548915940913911,-0.24332249757877777,0.14740390947170776,0.3265576730316449,0.5260384174966473,4,3,0.0,0.7630166582882087,75,0,1
inv_0015,2023,0,23,0.7226309193434746,0.3517445896640351,0.38598931725486074,0.6456814209319872,0.35337540467323236,0.09877963151191112,0.5478449638148565,4,1,0.4642476593540281,0.7467460932442472,182,1,0
inv_0016,2024,0,3,0.5834565647779195,0.7500838284928635,0.5594499221566723,0.49045237827192417,0.030453098608795415,0.5900677858450556,0.379479115546149,1,3,0.10101489415636207,0.4577959410559305,1,0,1
inv_0016,2022,0,98,0.39611302537964976,0.07419901935875839,0.047061399548670745,1.4255136505297101,0.11885037114608633,0.05918208595778543,0.8219675428961283,2,1,0.25867078757857254,0.7490726875355884,1882,0,0
inv_0017,2022,0,8,0.5183151008289998,0.7669667757677374,0.19458857019120715,-1.758091937858214,0.2886257745293543,0.22286995745801808,0.4885042680126276,102,3,0.07470134731378451,0.5704109161334239,14,0,0
inv_0017,2023,0,18,0.5073433368432787,0.10513505643454382,0.42454115086897515,1.1402938951481314,0.20312604607892168,0.12297616409014626,0.6738977898309321,8,3,0.0,0.8438647649646824,77,1,0
inv_0018,2024,0,20,0.964247537873749,0.6807143803210168,0.5871789050174867,0.03598586178890309,0.3421363710750839,0.12577724977133461,0.5320863791535815,12,5,0.13262258473069674,0.8791302414384317,183,0,1
inv_0019,2024,1,6,0.7140652886042447,0.7951251313344904,0.36100095621644834,-0.14458315156033413,0.6093497924310248,0.22707495169069572,0.16357525587827945,3,1,0.0,0.963609537904887,10,0,1
inv_0020,2022,1,53,0.5240157798716231,0.5200363654441273,0.4916051933674771,-0.16744162303570048,0.6029306819422694,0.24144624966029452,0.1556230683974361,1,5,0.2238161700728249,0.7231048149140115,722,0,0
inv_0020,2024,1,15,0.5537771561909826,0.379128687343524,0.667082820797825,-0.5899250529690241,0.5945877684773023,0.013063442197877917,0.39234878932481976,9,2,0.0,0.8423845513683899,58,0,1
inv_0021,2022,1,10,0.6839299880327119,0.7328801956798144,0.2918673896193766,-0.04129472597914863,0.21197611409671976,0.19119414199596674,0.5968297439073135,1,1,0.2739459932118356,0.5219893001332329,30,0,0
inv_0021,2024,1,13,0.5437474321529773,0.764026511520098,0.13122211996308197,-0.41378724314511645,0.37459585586191657,0.1245730702773326,0.5008310738607509,2,1,0.0,0.6430618715649102,42,0,1
inv_0021,2023,1,22,0.8074502096580807,0.6166731861674272,0.33613442502333696,0.5941737364058548,0.37592669717726407,0.6817702390031091,0.0,3,3,0.43079535898379306,0.5906040595286859,186,1,0
inv_0022,2022,1,12,0.4816291905658,0.4292488705979196,0.6271509773919325,0.9219501058627044,0.5196090114908352,0.18866322073839242,0.2917277677707724,11,5,0.3746405423448855,0.8172295903682291,31,0,0
inv_0023,2022,1,24,0.5732727191316873,0.3880814427924312,0.43447774729494604,0.2447412722893106,0.5323726476721543,0.027878342748300144,0.43974900957954555,6,1,0.14627263914980532,0.7405673548144938,158,0,0
inv_0023,2024,1,3,0.6020303060925812,0.34084473460806136,0.3548341844154818,1.649778565004932,0.4120470969660386,0.22480424815632113,0.36314865487764025,2,3,0.28746126223290797,0.9071633650327043,1,0,1
inv_0023,2023,1,6,0.17163885000762513,0.2923597142139961,0.6681889290665275,0.011262971634449226,0.23740210684044283,0.38012093661745217,0.382476956542105,6,4,0.21017486812393887,0.6414079903225146,2,1,0
inv_0024,2024,0,2,0.8334582857286439,0.5060109285272906,0.449780955903136,0.002910062082725845,0.16918990042498394,0.24861221518957705,0.582197884385439,3,2,0.0,0.941611533384495,0,0,1
inv_0024,2022,0,60,0.8274657057304737,0.6255047881422654,0.3577920669248352,-0.12835251434273914,0.490605153962517,0.009995701580527911,0.49939914445695505,13,1,0.0,0.6281924740852777,1464,0,0
inv_0024,2023,0,59,0.6197163206434538,0.21853973283744668,0.5597689505260717,0.728895099131516,0.25729342988194714,0.09391794502228155,0.6487886250957713,5,4,0.2191354632136101,0.9142995860374425,1060,1,0
inv_0025,2024,0,20,0.698933412834349,0.8396783096457704,0.44607810014584365,0.8096588022815108,0.39680571077072413,0.41194751375025157,0.1912467754790243,25,3,0.0,0.7993257968964605,132,0,1
inv_0025,2022,0,5,0.4086883989338884,0.8669740835581845,0.45008101833467407,0.6462935071768776,0.2231321782670057,0.2315844206256493,0.545283401107345,3,3,0.0,0.3664875560420239,4,0,0
inv_0025,2023,0,82,0.3011343891791214,0.6708690996662847,0.21386734109030336,0.15071307685002433,0.3841620840494814,0.19387419063115938,0.4219637253193592,15,2,0.0,0.8791781655702502,1000,1,0
inv_0026,2022,0,7,0.5307564566648206,0.6311700928534905,0.6505425579442536,-0.8224982872623112,0.6702247864514175,0.09278321786820326,0.23699199568037926,4,1,0.056933926851801896,0.8169867189226173,11,0,0
inv_0026,2024,0,10,0.8972616380584889,0.5636463514103878,0.42713191973567677,-0.00555246464840542,0.6254564750179713,0.08120946218148492,0.29333406280054375,2,3,0.1652792646791101,0.6928094826379881,40,0,1
inv_0026,2023,0,13,0.5506762376391197,0.2686350837579248,0.3306178766813406,1.432511771120425,0.07741995359793305,0.352701842437615,0.5698782039644519,60,4,0.0,0.3064149516807173,42,1,0
inv_0027,2024,0,17,0.5995372899420623,0.38694060418158677,0.4511326956534457,1.060590309947989,0.2798727192762045,0.21517720444083668,0.5049500762829588,16,4,0.0,0.9254518181568907,81,0,1
inv_0027,2023,0,20,0.37370171063997315,0.46593707479118274,0.4111343186596495,0.48524031734937606,0.36124238442404194,0.2403550016376428,0.3984026139383152,5,3,0.2170605734078409,0.9023881401959166,71,1,0
inv_0027,2022,0,21,0.626640686172544,0.728244217928103,0.8726831754373202,-0.05756164569475469,0.16217935797405736,0.0781417140720874,0.7596789279538553,9,5,0.1609104736000961,0.6528318737159833,131,0,0
inv_0028,2024,0,10,0.49599238074390345,0.5224107293987407,0.3154721746961314,0.23910521813238048,0.05447111958306618,0.41467613432313877,0.5308527460937951,1,4,0.31805385381578516,0.8668379316276619,22,0,1
inv_0028,2022,0,20,0.17277527492693692,0.43172468555038795,0.47643047766234403,-0.05400339122857156,0.12943528033783833,0.027304359081738304,0.8432603605804233,1,1,0.12126991704539498,0.6965213543499632,32,0,0
inv_0028,2023,0,10,0.12580267522343538,0.8624232847717268,0.2902473900572983,1.2044413504668374,0.31913447474041057,0.03749606666564715,0.6433694585939422,13,3,0.0,0.6206625914877669,5,1,0
inv_0029,2023,0,19,0.34790050157725266,0.2670739390717687,0.4523070646785511,-0.42117359871473237,0.46220401531460165,0.07373240851239997,0.46406357617299837,4,1,0.0,0.6852126190308565,59,1,0
inv_0029,2024,0,18,0.9264867095511377,0.7493646388860132,0.3259235785140311,0.9889354258375818,0.4783625775331138,0.2248212757293928,0.29681614673749346,3,3,0.0,0.7360558149796599,141,0,1
inv_0030,2023,1,22,0.23749433381818802,0.6192116408910615,0.45386107414087734,0.026637942672986192,0.580655469318418,0.26211660219296473,0.15722792848861722,3,2,0.23444477746679027,0.6957522063687619,54,1,0
inv_0030,2024,1,20,0.5656705522009461,0.8582001096428882,0.3549430750151868,1.5067414642895933,0.6697647487102666,0.3212497058106646,0.008985545479068824,5,4,0.4320465611333352,0.8265427223380787,107,0,1
inv_0031,2024,1,8,0.6473696327024808,0.8264655477675856,0.5823160766688732,0.7914207390464054,0.2809215191551606,0.17239994144268,0.5466785394021594,3,1,0.0,0.5157120127348953,18,0,1
inv_0032,2023,0,17,0.8468898686384271,0.5898430147801258,0.5886329073590748,-0.3495099199558951,0.24956671352526147,0.32755195631014067,0.42288133016459784,1,8,0.10224196536257411,0.687914542593339,115,1,0
inv_0032,2022,0,20,0.29347590696386183,0.48147253654928746,0.2829560004438239,0.0025500691983941226,0.060184593411559364,0.11358611140892456,0.826229295179516,18,1,0.22124777852923153,0.6485911542032579,55,0,0
inv_0033,2023,0,4,0.6625768831496155,0.47721270952501676,0.7219178411729894,0.819312485378661,0.38180161886546954,0.11596466073226505,0.5022337204022653,4,2,0.4031063999530171,0.45827575867718123,3,1,0
inv_0034,2024,0,9,0.7394111127593306,0.6200411540060924,0.45081874161884034,-0.14931425885924754,0.06539305336108446,0.05535903610571847,0.8792479105331971,27,4,0.14415936372601726,0.7903946389543538,26,0,1
inv_0034,2023,0,19,0.7477144134184565,0.4004729194601024,0.3706075703387054,0.26770918830496493,0.43624548846068484,0.3935589888011571,0.17019552273815813,1,3,0.13487133488443637,0.8240160880350015,127,1,0
inv_0034,2022,0,47,0.4310881986428105,0.5933478592821337,0.6613963241164132,-0.16035533531915552,0.292305465677464,0.13441624620505585,0.5732782881174802,1,5,0.2847965928704945,0.6916159264519504,466,0,0
inv_0035,2024,1,23,0.5818665487182477,0.7260829739953788,0.6561246475663691,1.8572937185988372,0.5810898201801432,0.31152108803598805,0.10738909178386874,3,2,0.3978320948991557,0.7492523046991262,147,0,1
inv_0035,2023,1,50,0.0019453730597718613,0.38834708712837207,0.4554560456620285,1.9948575143610643,0.42603355003757415,0.21951047672890586,0.35445597323351996,11,3,0.6078812661163963,0.6475456858951439,2,1,0
inv_0036,2024,1,8,0.808722065181045,0.5331899346576153,0.45383989081816256,1.620499162713379,0.6630626290782395,0.28124291335564183,0.05569445756611863,1,2,0.42139713299805137,0.894345877826184,22,0,1
inv_0036,2022,1,14,0.4501360297668037,0.6980380448855533,0.48275169438257653,0.3505008278929337,0.5496788564163058,0.16944189528870862,0.2808792482949856,1,4,0.20529473054878364,0.6629002371962305,40,0,0
inv_0036,2023,1,23,0.5698282261094192,0.7626148335230892,0.2726600540129742,0.12779788263442532,0.33132291358938626,0.3767502993495006,0.29192678706111314,6,4,0.20518213613908112,0.4471243395171561,144,1,0
inv_0037,2022,0,2,0.7533034350022432,0.44019806844373377,0.5281941377465934,-0.37333086361130374,0.23844764969704532,0.10396685038109976,0.6575854999218549,3,2,0.09429215950823386,0.7541498958615389,0,0,0
inv_0038,2022,1,40,0.46451225049296047,0.41546422981452086,0.27757697545830423,1.6785770326424847,0.36771973673941194,0.3773363164009421,0.25494394685964594,7,1,0.1986833551131176,0.7349006476553922,362,0,0
inv_0038,2023,1,2,0.5448634412679798,0.5565841944091533,0.4344287710524907,1.1945789685609352,0.1767531895062498,0.07697204017209502,0.7462747703216552,3,2,0.0,0.7740141886002629,0,1,0
inv_0039,2023,0,27,0.6545089043105494,0.4118198975174557,0.5863156075056585,1.0330087052058723,0.34531232939433626,0.5016162622548567,0.15307140835080701,6,1,0.2671190677952779,0.8435207521607174,229,1,0
inv_0039,2022,0,21,0.7110654558226012,0.586957967532501,0.6467410876616325,0.050057650495286515,0.21487089483856184,0.3892439173310929,0.39588518783034526,17,7,0.23545201421965245,0.8006816790090676,149,0,0
inv_0039,2024,0,2,0.7145381432557644,0.5425071717078939,0.48493292212845596,-1.1563179874063267,0.15061233878142233,0.25536056663840506,0.5940270945801727,1,1,0.10005727132175288,0.6879810407179212,0,0,1
inv_0040,2023,0,2,0.1537096647999788,0.6235022968819572,0.481282924322277,-0.9723660876326106,0.35871206588660387,0.308766909769363,0.33252102434403313,14,3,0.3468980550794415,0.6402482919492354,0,1,0
inv_0040,2024,0,38,0.4484901159435611,0.5128916382678953,0.5565145980775584,0.2961072503220077,0.23953485412585734,0.18563124712431345,0.5748338987498293,1,2,0.09575385890850306,0.4860525259399702,315,0,1
inv_0041,2023,0,32,0.8474710850638163,0.8687322399070238,0.4886686211736486,-0.1681394050930683,0.2370592558434099,0.5155508895040349,0.24738985465255514,8,1,0.0,0.5764228809051116,420,1,0
inv_0041,2024,0,6,0.8530258871606902,0.5882570170487266,0.552278929901176,-0.2601610355141053,0.04149005210624487,0.5002150134477493,0.4582949344460058,18,4,0.10717494516608735,0.5902992932833243,12,0,1
inv_0041,2022,0,6,0.7556243022621357,0.4062846052178148,0.5712886528858028,0.5261186989828994,0.11762511728525295,0.09667449268159799,0.7857003900331491,2,5,0.16698630178835683,0.8435590234543446,11,0,0
inv_0042,2022,0,18,0.6495933401908516,0.8443530951745432,0.23734748927902155,1.0609278638875939,0.01873684858500058,0.0392419988501337,0.9420211525648657,8,2,0.0,0.9441467720934147,99,0,0
inv_0042,2023,0,12,0.6473153528538836,0.7757545831984551,0.29842262729920915,-0.3109816548773995,0.19743795058733335,0.27147078233858624,0.5310912670740804,2,4,0.24349338290140346,0.9486024746756287,42,1,0
inv_0042,2024,0,28,0.8460010362450839,0.5415082088497549,0.184095479270127,-0.7944877485249424,0.36063826174850805,0.15831805243476219,0.48104368581672985,8,4,0.0,0.7511874038472167,319,0,1
inv_0043,2023,1,17,0.3549794481592395,0.9001806472890787,0.3597317555280756,-0.09197694038218135,0.4972043963683216,0.3468528954389925,0.1559427081926859,1,3,0.13221090150001583,0.37457000837868587,48,1,0
inv_0043,2024,1,43,0.7113806183574064,0.6974936937831507,0.655528667307198,-0.38517117004154605,0.27613806522894807,0.3758920467060496,0.3479698880650024,5,1,0.0,0.8084815033159563,642,0,1
inv_0044,2022,1,26,0.6246687160585421,0.8283476271555845,0.5339624170117624,0.9242660927407909,0.33952907260961307,0.15689168688567298,0.5035792405047139,6,3,0.29693326840712825,0.5304395262024324,203,0,0
inv_0044,2024,1,21,0.49952142139277167,0.5908847183866991,0.5670400588017738,0.44671299663206276,0.27783366024590844,0.17755276884046078,0.5446135709136308,17,2,0.0,0.7161832570793637,104,0,1
inv_0045,2022,0,9,0.5373349633702414,0.7604485172285294,0.2281905971061337,1.754391382588448,0.1650632337798224,0.1890114528254391,0.6459253133947386,11,2,0.2654843747363792,0.7252039261158628,19,0,0
inv_0046,2024,1,8,0.5710180423887398,0.47146569049570636,0.5669573260503002,1.0377480957106098,0.4822445726012684,0.0541874688215102,0.4635679585772214,3,2,0.0,0.7184779882635741,15,0,1
inv_0046,2023,1,11,0.6069404223362311,0.442896501406363,0.37648384622813996,1.9010849095985323,0.7094104261726684,0.22557539307209654,0.0650141807552351,5,3,0.19677415691021258,0.8462608310560463,33,1,0
inv_0046,2022,1,53,0.15920958685487988,0.54650506163764,0.5457070989230223,-0.6731002879260926,0.36490945720952483,0.16722708502215017,0.467863457768325,1,1,0.15569503920436364,0.3955772487684787,219,0,0
inv_0047,2023,1,8,0.04397012811975799,0.5270144208110368,0.2820046120275091,-2.1522870371452933,0.5567318660608918,0.1418291118966155,0.30143902204249273,23,1,0.0,0.6603882773676096,1,1,0
inv_0047,2024,1,15,0.371280221792148,0.359259530165964,0.2199629017887342,0.6443936227483211,0.3214925207224089,0.12052282653658679,0.5579846527410044,8,2,0.48184905625206814,0.8363468283935223,38,0,1
inv_0047,2022,1,2,0.0,0.8842231098781352,0.6123355074862932,0.5485761927936859,0.43698737095067586,0.13671688464560686,0.4262957444037173,1,4,0.0,0.8528043568619762,0,0,0
inv_0048,2023,1,20,0.6875232588822455,0.34787906378678796,0.6285405084255016,0.3517716683616503,0.7597063619768305,0.19478728436864717,0.045506353654522325,5,2,0.18641089977516873,0.8198572383296703,130,1,0
inv_0048,2022,1,74,0.3289836843162143,0.45024330488171505,0.14477217827323904,0.526637380503716,0.28408080519238393,0.07238866674271512,0.6435305280649009,6,4,0.22823625107202059,0.7666321104363989,888,0,0
inv_0048,2024,1,5,0.3413870883045214,0.37462826810525646,0.33320363226382266,-0.4492209477844867,0.17152104243862354,0.28199431821944737,0.5464846393419291,2,2,0.17207731373851826,0.5905490505116325,3,0,1
inv_0049,2024,0,154,0.29993526397729875,0.55992767185545,0.12825490316879176,0.7005429583075605,0.316735533619219,0.09978167326596353,0.5834827931148174,4,1,0.44970005445739625,0.6208922477198244,3533,0,1
inv_0049,2023,0,14,0.8434431554948243,0.09385993942926825,0.5274994771112163,0.8389545920818701,0.2230422896417759,0.12568894593514512,0.651268764423079,1,4,0.19741631908398768,0.5897467018281046,76,1,0
inv_0050,2022,0,2,0.6300172111085038,0.19957048627844623,0.30489497962025586,-0.7097989736024861,0.5042615586728557,0.33191823468120557,0.16382020664593872,1,3,0.0,0.8450008089790937,0,0,0
inv_0050,2023,0,8,0.3631821611278611,0.6430269144615026,0.3323828060923907,-0.032909136679432904,0.538573739069376,0.1582726343471548,0.3031536265834692,2,4,0.18119680357595788,0.7690692137342466,10,1,0
inv_0050,2024,0,35,0.49477143465312334,0.3960826274901811,0.62612151567658,0.016508920688191236,0.11848572290214796,0.23338932264613266,0.6481249544517194,5,1,0.0,0.9070269773732259,294,0,1
inv_0051,2024,0,60,0.8333867877163498,0.2651948857507817,0.16873397732544254,-0.2866487217282233,0.1968708359904082,0.16582698889649908,0.6373021751130927,11,1,0.14294599879671774,0.5042286338280308,1475,0,1
inv_0051,2022,0,21,0.5585255037075871,0.5337048856960521,0.18240889832400736,-0.6788899121065773,0.6863347615028859,0.06549347200612846,0.24817176649098568,4,3,0.08608259359258702,0.787698207778226,117,0,0
inv_0051,2023,0,42,0.6879003593135707,0.578599375535248,0.551744897407731,0.26000399282033965,0.1445841090570447,0.21373553678586418,0.6416803541570911,11,1,0.0,0.7124627788850548,592,1,0
inv_0052,2024,0,4,0.38275563579848054,0.8142151041930832,0.11483428115608188,0.4586444165314386,0.056929127538524145,0.11204071259837163,0.8310301598631041,8,6,0.0,0.9265377515545513,2,0,1
inv_0052,2023,0,7,0.8543359030005432,0.5152816138667355,0.23509766052191572,-0.23814568701143624,0.1601518837077127,0.10703195863359087,0.7328161576586965,1,4,0.0,0.9188092038934099,17,1,0
inv_0053,2022,0,3,0.3389530528841445,0.4309869624446106,0.5056078379264232,-0.622630878205166,0.19594651978059027,0.3912241447050523,0.4128293355143574,8,1,0.11687759592529781,0.7782178875151559,1,0,0
inv_0053,2024,0,7,0.6207978400616326,0.7841075447354002,0.13233487616840287,0.5784457960330984,0.5321414963812348,0.2914212516322855,0.17643725198647975,8,4,0.09400103604888617,0.6748092964226257,13,0,1
inv_0054,2024,0,22,0.13593868903808917,0.6913159423374431,0.4312454127312762,-0.3638563801885243,0.3762317506472548,0.1539038930538615,0.4698643562988837,25,1,0.0,0.9839577489101671,31,0,1
inv_0054,2022,0,14,0.37218119272027916,0.7730715468703273,0.5290217235473802,0.002635589120635412,0.3100097064950298,0.3387439478224035,0.3512463456825667,6,3,0.17288784247702568,0.8006772508884288,33,0,0
inv_0054,2023,0,24,0.41779630449543964,0.45346530681551245,0.4904789281492761,-0.09886130252657604,0.23951596688297525,0.5006541688793495,0.2598298642376752,1,2,0.0,0.41060925636900897,115,1,0
inv_0055,2022,0,5,0.5564818282779008,0.5378678763919944,0.36116736257788984,1.246566931335729,0.1601592736435003,0.2943039673570038,0.5455367589994959,2,4,0.14537741724155623,0.8787367620050409,5,0,0
inv_0055,2023,0,6,0.8902401865780554,0.8434195378883621,0.30643648006219354,-0.3271443712428945,0.08355979673198739,0.046843321400633776,0.8695968818673788,1,2,0.09614358553901961,0.7098194794897066,13,1,0
inv_0055,2024,0,14,0.5617951484690378,0.518955559679652,0.5324843988799903,1.6304212632071875,0.4024211706264605,0.17269224677822734,0.4248865825953122,7,5,0.1756469607616862,0.7699031932464263,51,0,1
inv_0056,2023,0,7,0.39911110751800655,0.9166577984516638,0.3839046559573629,0.8518415505132055,0.012272302072955264,0.10772634212859938,0.8800013557984454,23,1,0.22526863982761974,0.8877430005587617,8,1,0
inv_0057,2023,0,34,0.39717317820891085,0.3239444843842423,0.3320018717397911,1.7067189406314824,0.1866117833397217,0.08211014299048496,0.7312780736697934,1,1,0.10776725481931951,0.7383717432021846,222,1,0
inv_0057,2024,0,7,0.6182271330030209,0.6582662448919845,0.5736353091180769,0.7817110636637389,0.2911985910775454,0.2080311480853195,0.500770260837135,24,2,0.0,0.7763352543731933,12,0,1
inv_0058,2022,0,8,0.5456173944151347,0.487346729604451,0.3469800697638332,0.07316444183826343,0.46109700741174464,0.11163411224394836,0.427268880344307,7,4,0.2265216588677929,0.679557500181423,15,0,0
inv_0058,2024,0,17,0.41676580729584684,0.800381390865955,0.14621027817269625,-0.4838930633217554,0.1029472872384575,0.18320734734596486,0.7138453654155776,1,1,0.08340492544435037,0.7505263128969892,56,0,1
inv_0059,2024,0,8,0.8353089917279538,0.7030534429842463,0.6890161188709091,-0.03432911261941879,0.6925495853872028,0.3163440362442879,0.0,5,2,0.22286907683031315,0.702752736145217,23,0,1
inv_0059,2022,0,4,0.5775089601074339,0.296262350847896,0.6841555876745765,1.4398248201785817,0.11753155709881125,0.0626728895740197,0.819795553327169,1,3,0.0,0.5035797644898022,3,0,0
inv_0059,2023,0,5,0.4007115938497808,0.6317434425736462,0.752043401162241,0.21164896612409176,0.4439189480675059,0.2895630879909692,0.26651796394152494,6,2,0.2761263359084634,0.8995061258205449,4,1,0
inv_0060,2022,0,18,0.816922057592719,0.490125980136654,0.31843156764342534,0.7787355097240866,0.231224684254668,0.2343122386553476,0.5344630770899844,4,3,0.18002794746214484,0.8821348587870973,124,0,0
inv_0060,2024,0,4,0.6578750509823676,0.5224251630557675,0.8391949133636509,0.4155770760527939,0.2515096622183431,0.12590739426316713,0.6225829435184899,6,2,0.1740957392080632,0.8615482870210118,3,0,1
inv_0060,2023,0,37,0.19413723116787407,0.5803019219591514,0.573970902724943,0.44972894280739295,0.5225892590474959,0.2935004668278854,0.18391027412461874,1,1,0.0,0.7925885234740104,129,1,0
inv_0061,2022,0,7,0.5006071475743282,0.8727548668170044,0.2101771746870335,0.4805277471719317,0.3244551983903932,0.29710723251789123,0.3784375690917156,2,2,0.3023461329241152,0.8938512651614544,10,0,0
inv_0061,2023,0,19,0.7089701644527013,0.8827783990159258,0.5844689670354335,0.6462731894659619,0.10230910340230569,0.2611183685864961,0.6365725280111982,7,5,0.0,0.4106759789790222,121,1,0
inv_0062,2024,0,7,0.2854362032489674,0.8635576095413884,0.8320860017884955,-0.4012859928726482,0.479773059690034,0.2666989097823299,0.25352803052763606,2,1,0.0,0.8905022173095904,5,0,1
inv_0062,2023,0,5,0.7579495765708696,0.7254846689931126,0.6563827197878402,0.03007658327504406,0.42206186620568714,0.011761589656320853,0.5661765441379919,5,1,0.106411832922007,0.6283891525892626,7,1,0
inv_0063,2024,0,14,0.30524194358115175,0.28249131522993143,0.5387313110362576,0.49745066641307184,0.22988674579609852,0.15312132130038308,0.6169919329035185,7,3,0.0,0.8861765450199409,27,0,1
inv_0063,2023,0,28,0.5901346781080765,0.43775420678037974,0.33225301792704626,0.38078977800015723,0.11751610138436226,0.19711976919489912,0.6853641294207385,3,2,0.0,0.7269537884441882,223,1,0
inv_0064,2024,0,9,0.8017329725071809,0.5419484568480084,0.6151754058848742,-0.11896368288978709,0.2578907068688469,0.10970153304773286,0.6324077600834201,14,2,0.1186378330955801,0.7372332298438382,28,0,1
inv_0064,2022,0,11,0.659353519771352,0.9051515518182999,0.1660676902714586,0.5832807318088842,0.19376642197902988,0.22926383909022938,0.5769697389307408,3,1,0.0,0.7737277055921993,36,0,0
inv_0064,2023,0,23,0.4884670840027498,0.847360499908772,0.2606858537316915,-0.36691308524577537,0.29500578904354197,0.13861112747181992,0.5663830834846381,3,4,0.2969835050078056,0.661068456226423,123,1,0
inv_0065,2023,0,23,0.7373010150828503,0.3208461643187616,0.18814366850274733,-0.7284049351490158,0.7322954813064554,0.13522372896367826,0.13248078972986635,2,1,0.19515269573893987,0.766963318433767,186,1,0
inv_0065,2024,0,11,0.9130282740172762,0.8135050732414086,0.4298660224480733,0.485988614311315,0.25122536774602194,0.0828863776697912,0.6658882545841869,12,1,0.2960616345557764,0.8496982781168555,50,0,1
inv_0066,2023,0,8,0.763119352525211,0.7112243995112205,0.522999125196559,-0.7087933900166059,0.24889081296132662,0.06074687566923858,0.6903623113694348,2,2,0.0,0.5703295922683264,21,1,0
inv_0066,2024,0,13,0.6344291326800695,0.6188809002475266,0.4701135247212397,0.4740992019357082,0.1521352540527077,0.08840431722866435,0.759460428718628,15,3,0.0,0.9466713098351246,49,0,1
inv_0067,2022,0,10,0.7062996968019464,0.37673614029507757,0.2033834066858788,-1.3137447964790028,0.24851326104221091,0.23743391490189908,0.5140528240558899,5,2,0.09399019233738186,0.7291613597303352,31,0,0
inv_0067,2024,0,15,0.4615994661758279,0.3399751154427352,0.17672709590309812,-0.32999027132543945,0.22580839831862326,0.1351021035537559,0.639089498127621,65,1,0.10613852223850914,0.6798521301148926,48,0,1
inv_0067,2023,0,4,0.4649199793557963,0.5177902521920431,0.4440110523626161,-0.012061530439292145,0.20412277332518328,0.4844854217022593,0.3113918049725575,2,4,0.06925165217419021,0.8375194161971253,2,1,0
inv_0068,2024,1,15,0.2896591282081899,0.6043757683044627,0.43500322487847287,-0.8353081396941286,0.458197413627099,0.5185892354242062,0.02321335094869481,16,2,0.0,0.8048489720154117,30,0,1
inv_0069,2022,0,6,0.8594307332278927,0.3190511949245681,0.32003809504622344,-0.048137818298538526,0.21297517541621394,0.2404113321984214,0.5466134923853647,7,2,0.10136610831136456,0.7925928006642168,12,0,0
inv_0069,2023,0,25,0.35670524638776974,0.4882705720107767,0.5159594849255916,1.198015710361929,0.30362405674844883,0.349966804911525,0.3464091383400262,2,1,0.0,0.8685994649907126,107,1,0
inv_0069,2024,0,7,0.5708541380487147,0.403314921392628,0.14724694463096988,-0.7662469815068444,0.42739026151768406,0.08141476706294687,0.491194971419369,7,1,0.12023158861048697,0.7528052412565251,11,0,1
inv_0070,2022,0,7,0.6703712490179514,0.6799889443710112,0.758212815095466,-0.026298596417080544,0.1786653480526711,0.35195964224155923,0.4693750097057697,7,4,0.3074892126022962,0.5597866320996087,14,0,0
inv_0071,2022,1,17,0.3267801774129274,0.5366343460170172,0.7415502371888316,1.8121157354977597,0.5290013031353368,0.1059463551866724,0.36505234167799083,3,1,0.0,0.48077380240204276,44,0,0
inv_0071,2023,1,12,0.6188225185722617,0.7562233889790051,0.4394716825452618,-0.3994886904086146,0.8817095053881521,0.03269573515501564,0.08559475945683229,6,5,0.29160978292139533,0.7640908428972997,40,1,0
inv_0071,2024,1,75,0.4719518993618428,0.6856152439911553,0.4732971000130509,1.567778681387098,0.7033476637916759,0.23803457636987344,0.05861775983845066,14,1,0.0,0.5595603753600018,1309,0,1
inv_0072,2023,0,3,0.3114974682600863,0.7717446469687391,0.48512230166805714,0.02679577596322974,0.4406223526497513,0.2599212672930581,0.29945638005719066,7,3,0.097088922571334,0.4635646210324218,0,1,0
inv_0073,2024,1,13,0.3864530789214128,0.684733395074187,0.5160978423954403,0.531529668706332,0.633367359652126,0.032095473649761744,0.3345371666981123,2,3,0.1434467511744133,0.5475598826087072,30,0,1
inv_0073,2023,1,30,0.04003472081359947,0.6844284550870265,0.3193114518795405,1.4831857851275076,0.4447554848383535,0.17165857880212498,0.38358593635952154,2,4,0.0,0.6076768879052131,17,1,0
inv_0073,2022,1,7,0.5217597871245551,0.4293129660177936,0.21320083092916206,0.06192164855918453,0.8139436171646499,0.2836249751339513,0.0,4,2,0.2289082755597159,0.655609963904136,10,0,0
inv_0074,2024,0,5,0.5792051378532191,0.6225247271132358,0.44345622747613705,0.7548205387227881,0.15499937177279907,0.1676046562646769,0.677395971962524,13,2,0.2634922682576052,0.8893216922853334,5,0,1
inv_0074,2022,0,6,0.3915341348169427,0.6545280482822301,0.23704618774548483,0.95767768538047,0.1813786575104841,0.07681901582391452,0.7418023266656014,2,2,0.2636583399169254,0.6225637916831049,5,0,0
inv_0074,2023,0,3,0.4149552845148409,0.4052242204712462,0.4481370837678886,-0.27065120579365387,0.06244085410619539,0.3398113479883619,0.5977477979054427,6,2,0.0,0.7778837248457103,1,1,0
inv_0075,2023,0,35,0.36384290088227067,0.6526393538386753,0.5150381440322166,-0.3591441336790364,0.17289336566910804,0.07745893037281568,0.7496477039580762,1,4,0.10861896365124177,0.9227985893033565,216,1,0
inv_0075,2024,0,9,0.3259067060716833,0.891486712838738,0.45006035567632563,0.06711752348082686,0.18208628174328234,0.27782889102412045,0.5400848272325972,8,4,0.0,0.6616945912367259,11,0,1
inv_0075,2022,0,8,0.7114946764451175,0.6811650076339099,0.2885749125440401,0.09214772707100838,0.12421554948424353,0.22573456420956475,0.6500498863061918,9,3,0.34559344123852875,0.7861527855071592,19,0,0
inv_0076,2022,0,2,0.8313477740647321,0.7630131938766858,0.5946983770070933,-0.6131583832729511,0.2720903577786301,0.2701778537440005,0.4577317884773694,34,1,0.11874649218783033,0.7469014996834754,0,0,0
inv_0076,2024,0,3,0.23832691174806306,0.6037557453392778,0.5275175770796595,-0.26328039893442534,0.3571723123839297,0.23887115581649196,0.40395653179957836,11,5,0.0,0.8619955048681556,0,0,1
inv_0077,2022,1,39,0.66015405334152,0.44410026859441204,0.3396768449036723,-2.3235233254977263,0.5443069598258161,0.19866305785127042,0.25702998232291346,3,1,0.0,0.604399502604491,489,0,0
inv_0078,2023,0,15,0.2243159263055342,0.4440476389829213,0.31723292635688755,-0.017418146635525156,0.31311721566727846,0.21057715674307279,0.4763056275896488,1,1,0.18806630012798375,0.8538235921981935,23,1,0
inv_0079,2022,1,30,0.3852860994061654,0.7858615902059266,0.6961651444189711,1.165515344241054,0.7089107494946306,0.2920579303978202,0.0,7,1,0.3367850811568352,0.9102862212420807,167,0,0
inv_0079,2023,1,27,0.5503536877347578,0.6934489364786772,0.3739599216248001,-0.8833513078196396,0.5673458829795741,0.24931234743983477,0.18334176958059112,3,5,0.1345860712617004,0.4844801097382727,193,1,0
inv_0080,2022,0,5,0.6145989789794679,0.4144330458672178,0.38649202302311014,-0.1205156252348269,0.4463355360380402,0.18398708325053537,0.3696773807114244,6,2,0.0,0.7204706228898307,6,0,0
inv_0080,2023,0,85,0.28594367527595144,0.39310988749070824,0.07207592622164517,2.203866246274578,0.0408027855229649,0.22640414182314872,0.7327930726538864,2,1,0.17280774136143942,0.6897824851781298,1020,1,0
inv_0080,2024,0,57,0.2584105106228395,0.6674258561474549,0.5527436527645287,0.2319519669331728,0.2679556765393003,0.3634806397464251,0.3685636837142746,3,1,0.0,0.6554006424716055,412,0,1
inv_0081,2022,1,7,0.23375716871803276,0.5988182510529824,0.7164095181478054,1.5354354942463764,0.4350587489348461,0.7134211813042184,0.0,1,1,0.22931769986350678,0.7602339193945867,4,0,0
inv_0081,2023,1,2,0.6339033229003145,0.709693887216078,0.5914582471298746,-0.35953225735295796,0.34104594473532046,0.13146697159264142,0.5274870836720381,1,2,0.20903123307468097,0.8082575095496759,0,1,0
inv_0081,2024,1,9,0.6797383763493219,0.7662153657917244,0.5846750398124632,0.8090547246177802,0.508688176474763,0.37013864634752086,0.12117317717771608,1,3,0.2660187861053747,0.49660554484022257,24,0,1
inv_0082,2024,0,14,0.42349226840552473,0.7422142069515091,0.5725541988828564,-0.6957745840333507,0.07073674574940987,0.44793548784963555,0.48132776640095454,10,1,0.0,0.49330242508485256,38,0,1
inv_0082,2022,0,7,0.6965019573649253,0.7445588280339869,0.5715011929933778,0.5708516919554274,0.44475498178723255,0.059023053981551596,0.4962219642312159,1,1,0.23314010798240958,0.6424064657510178,14,0,0
inv_0082,2023,0,10,0.7744028239636978,0.5797590725090095,0.351044959203414,0.9237985878078269,0.6141021048619308,0.23187295488802404,0.15402494025004512,17,8,0.1527431262558314,0.8435865294276539,34,1,0
inv_0083,2024,1,6,0.6702895842164791,0.4186248555848219,0.2636752914764542,0.9339806764237406,0.44759713113542354,0.23416260449992557,0.3182402643646509,1,5,0.2724535346679962,0.8175852761702661,10,0,1
inv_0083,2022,1,25,0.24668552142764147,0.5077682595765688,0.615012229216047,0.17405013941478586,0.3306794747930841,0.47015847962518265,0.19916204558173323,36,2,0.0,0.8516521390821142,74,0,0
inv_0083,2023,1,12,0.334256235189419,0.7252533784943938,0.4367912755827057,0.6699468528143133,0.8386746681368062,0.2313393921461842,0.0,1,2,0.19217109397565713,0.7565072694884935,22,1,0
inv_0084,2022,0,26,0.6568434477995202,0.47350992243816986,0.3743555633274177,0.47759354832759615,0.12009779856309766,0.0331218066907653,0.8467803947461371,6,3,0.21266624846692642,0.7048789380908703,213,0,0
inv_0084,2024,0,32,0.46079771099239286,0.4887022485363192,0.6748584266784334,0.7827917243641219,0.07523245403419755,0.35156115189949355,0.5732063940663089,4,1,0.0,0.5710690456104293,228,0,1
inv_0085,2024,0,2,0.569551836074986,0.7091237610618113,0.44122830655864376,0.15098644143473094,0.13894030529232382,0.12565492179336843,0.7354047729143077,1,1,0.10133956519091318,0.8416490113500701,0,0,1
inv_0085,2023,0,6,0.41726323800354564,0.8345384788651982,0.6080219431085903,0.9949110401881873,0.35274615037333085,0.024898049081899336,0.6223558005447698,2,3,0.0,0.7218938741908327,6,1,0
inv_0085,2022,0,7,0.5541686962084756,0.49750470448093814,0.5723687881498538,1.3976843194368465,0.3280493693482228,0.4702940707035771,0.2016565599482001,3,1,0.0,0.7014821050824313,11,0,0
inv_0086,2022,0,95,0.31798973063754693,0.606098335331624,0.6898795089012698,-0.004293957364000178,0.2702609369766037,0.12809863006002406,0.6016404329633722,5,4,0.0,0.46476506404772,1419,0,0
inv_0086,2024,0,13,0.7672346308253335,0.8446169659197647,0.639953019444283,0.28715178235356836,0.5326348123247053,0.02737446008684296,0.4399907275884517,1,2,0.12874951755100314,0.8171683256478519,59,0,1
inv_0086,2023,0,23,0.5975747979227316,0.6910531285955046,0.4201301470757982,-0.47385182704937,0.45574804059041285,0.18076984714054806,0.3634821122690391,6,3,0.19378476820256962,0.7085002664151203,151,1,0
inv_0087,2023,0,2,0.2555712189591069,0.3166262083334049,0.4360068663190217,0.5222058590594143,0.2534765507554503,0.1514411051955888,0.595082344048961,5,2,0.17144430213724063,0.7333244476511372,0,1,0
inv_0087,2022,0,13,0.6193254103046822,0.7979288203235968,0.4678239381076624,0.5273101822246354,0.2945155083532679,0.2433854951505402,0.4620989964961919,9,1,0.0,0.4025131200292427,48,0,0
inv_0087,2024,0,26,0.6157418330996416,0.6201613070257123,0.7584873224978936,0.29638910802696183,0.2452487162981208,0.20620389052046526,0.5485473931814139,1,3,0.10880263513399183,0.4828573126873029,200,0,1
inv_0088,2023,0,24,0.8169471982596812,0.6478690521515864,0.3991217893106697,0.3567197234410156,0.4006935253299534,0.058907543929562135,0.5403989307404845,2,3,0.11950858890514554,0.37691402982051075,225,1,0
inv_0088,2022,0,20,0.061826732306782296,0.7694563535613101,0.3062654264826779,1.7874611112593497,0.49078306766748864,0.14562497924122045,0.3635919530912909,18,3,0.0,0.6749451177121181,11,0,0
inv_0089,2022,0,12,0.15285531060699756,0.3723934579860498,0.43988824039710434,-2.0593782432507814,0.19432854925317436,0.23483973452732587,0.5708317162194998,1,2,0.0,0.8244712156252206,10,0,0
inv_0089,2023,0,12,0.7386261815026138,0.5333204266017467,0.39110855391124966,-0.14732550236757624,0.3696539785057905,0.19090499771881073,0.43944102377539873,1,3,0.0809275093205819,0.6801777907447847,48,1,0
inv_0089,2024,0,3,0.6012101065504354,0.6407168048404109,0.5650006732870093,-0.024978942473663945,0.06449793582543173,0.07998296062177232,0.8555191035527959,2,3,0.3029731867602339,0.6683642683254377,1,0,1
inv_0090,2024,1,5,0.6662898661056152,0.7676203916977216,0.7351700479224831,1.6155300903634409,0.21046444423612887,0.45487779921617394,0.3346577565476972,1,3,0.28967480892067127,0.5616138762908224,6,0,1
inv_0090,2023,1,14,0.296833670166393,0.19650053850409735,0.45945006198458044,0.8302310474548644,0.4305544529045464,0.22465523598628215,0.34479031110917147,23,4,0.3390084781597353,0.5768348003381917,27,1,0
inv_0090,2022,1,6,0.12483140606334248,0.5477459864037142,0.735612064022519,0.8497486689105249,0.5736643005871365,0.025474554387980308,0.40086114502488324,3,1,0.0,0.7577436420647183,1,0,0
inv_0091,2024,0,21,0.804816661825538,0.7492442062401949,0.39530626416132164,1.2578849527224998,0.07160624692200522,0.18518629542878998,0.7432074576492048,3,1,0.3272808812640866,0.9018227591368595,169,0,1
inv_0091,2023,0,17,0.6953727799979224,0.3547091257806224,0.5469075947182455,0.10603463855737544,0.20392190306545543,0.19893004151522897,0.5971480554193156,9,3,0.43474875419035053,0.7003174400532242,94,1,0
inv_0091,2022,0,36,0.29579932117798324,0.46067411918182827,0.5770852844623422,0.7718612286625854,0.3413050488881265,0.4608712406605388,0.19782371045133468,2,4,0.0,0.7977372622764228,186,0,0
inv_0092,2024,1,26,0.3593368005647822,0.9060624555118959,0.5571424304609555,0.025387289477314556,0.674890332342178,0.17614065573414345,0.14896901192367856,3,3,0.0,0.7703830835956444,116,0,1
inv_0092,2022,1,14,0.6288366824706098,0.31832804765804534,0.20006874094089142,-0.39264506067637,0.6352577221946872,0.0862828569574219,0.2784594208478909,2,2,0.1611855200348828,0.7605679442414912,57,0,0
inv_0092,2023,1,22,0.2414254698921264,0.71912716630141,0.344492492666529,1.8853335898423909,0.3506475518665877,0.36180602076601376,0.28754642736739855,1,2,0.3284880944086552,0.48425594963367646,55,1,0
inv_0093,2023,1,27,0.5589167473900181,0.4436897711314223,0.5149074355411554,0.7452253838113041,0.4491251437145478,0.4110802828247979,0.13979457346065427,4,2,0.30670731304082144,0.6304878193524104,196,1,0
inv_0093,2024,1,8,0.3434081736370096,0.5848797556175247,0.40856356741988836,0.9657300758996816,0.45655488949321854,0.09886724284434363,0.44457786766243784,12,2,0.21955692864682866,0.2696899044175259,9,0,1
inv_0094,2022,0,9,0.28694235617763364,0.621660788062647,0.5323329451355969,-0.6141397478122672,0.0827832370216494,0.0206356237255431,0.8965811392528076,4,1,0.0,0.5025305958469278,10,0,0
inv_0094,2024,0,11,0.7459057627288338,0.54901678914561,0.2203273442095492,0.6582821166895103,0.08232164693452454,0.31368240123882307,0.6039959518266524,11,1,0.12703042004836387,0.8720324401391235,41,0,1
inv_0094,2023,0,8,0.6647002907237549,0.7790032334567484,0.5986106119729477,1.6725861974974714,0.7043767049453469,0.24864858006021298,0.04697471499444014,1,1,0.18861837920517394,0.536613011636042,18,1,0
inv_0095,2022,1,27,0.3789269804110489,0.6050718490390481,0.36582291912228854,0.2280399452924839,0.22546889554794963,0.08536819905132764,0.6891629054007228,2,2,0.29663191822894286,0.6478272484020475,133,0,0
inv_0095,2024,1,7,0.6699997632853303,0.3148708849590376,0.6132660963457806,-0.5546395529428834,0.5574376952197925,0.6103029654570216,0.0,1,3,0.08218987576677383,0.7656721743348657,14,0,1
inv_0096,2023,1,33,0.34826334613583176,0.690837508720682,0.24247699323245708,0.5971809549232889,0.3024227408641549,0.33846501788367955,0.35911224125216556,6,3,0.3509475927787729,0.9199427936661426,183,1,0
inv_0096,2024,1,9,0.4809088079810513,0.8795384877392963,0.7120269522984359,-0.37871752416823606,0.628849396016406,0.08110913129113591,0.2900414726924581,3,2,0.0,0.7505589349757722,17,0,1
inv_0097,2024,0,17,0.48030214350741923,0.653373232012303,0.16341990905273635,-0.996238957176818,0.18936433826966562,0.4416589538870023,0.3689767078433321,3,1,0.133060510646057,0.550189574318635,65,0,1
inv_0098,2023,0,13,0.4561043579331258,0.795068582566766,0.42634591595402405,-0.33781255579262826,0.31352142267359173,0.19358269324749947,0.49289588407890883,8,1,0.17683262043214565,0.4682133010966404,35,1,0
inv_0098,2022,0,5,0.14255021637638365,0.6920741808520504,0.3953653644978221,-0.1440782358208022,0.3128548802977228,0.09410758213329085,0.5930375375689864,2,3,0.22824822171478748,0.5071687748521525,1,0,0
inv_0099,2024,0,11,0.6190276535297272,0.7923933414571575,0.07346217461279173,-0.5397998356407666,0.12179968499430346,0.12872212873010502,0.7494781862755915,13,3,0.14211686633243434,0.8561890409591153,34,0,1
inv_0099,2023,0,15,0.7578218177249455,0.6963815715493477,0.3492322501555326,1.3111734257108485,0.02778517022841205,0.060789646582329826,0.9114251831892581,5,3,0.1383896149894713,0.7312927401356031,79,1,0
inv_0099,2022,0,11,0.4128857822934577,0.5781422226274161,0.5880057940001449,1.7616880037115799,0.2981501989503808,0.08848883646420728,0.613360964585412,3,1,0.27947800826477237,0.5621907731273997,22,0,0
inv_0100,2022,0,4,0.24516649858734094,0.29431306425558534,0.27887660152158616,0.7444704129659458,0.3984209263270517,0.09743412547327943,0.5041449481996688,1,5,0.4393809998574571,0.7773718822418728,1,0,0
inv_0101,2022,0,47,0.3180297540327403,0.6293120745427877,0.18545410924453165,0.5573563936824483,0.5601739646426847,0.14988162740694322,0.28994440795037213,8,5,0.2176710918108715,0.8060384317921949,343,0,0
inv_0101,2024,0,13,0.3547854128577875,0.7200181897718526,0.39030284528960646,0.13636150983111084,0.03396438098234041,0.3468606055214636,0.619175013496196,5,1,0.0,0.9379556928690629,27,0,1
inv_0102,2023,0,6,0.28231409156350873,0.2560286485637647,0.5407803289661925,-0.4670662512904511,0.207004142269114,0.23023214355288185,0.5627637141780042,6,1,0.1394029624689261,0.3474834792795828,4,1,0
inv_0102,2024,0,44,0.4177302762750972,0.85691589836851,0.17143216885851106,1.5323281848589083,0.1273410400153243,0.3264549261262245,0.5462040338584512,6,3,0.0,0.9001372595874391,395,0,1
inv_0102,2022,0,19,0.4802841693469732,0.7406687726005072,0.12427462359111141,0.1997172023277245,0.31912116011651775,0.2081558453353461,0.4727229945481361,2,2,0.15385549494013173,0.8152224844723733,82,0,0
inv_0103,2023,1,4,0.724985136035732,0.5836414242020704,0.372443133205353,0.07993162234679974,0.7040329927910388,0.08952408423660188,0.2064429229723593,3,2,0.18714283182184863,0.6325492646915264,4,1,0
inv_0103,2022,1,5,0.4559277034162533,0.13125067550285072,0.42700256336586917,1.2618052992025621,0.3311511457268412,0.2966871509628682,0.3721617033102906,2,5,0.0,0.6919231637724654,4,0,0
inv_0103,2024,1,10,0.46210743953587513,0.6076947900058727,0.4370431225142633,0.3911326480956694,0.21546806894852222,0.19172028884685358,0.5928116422046242,15,4,0.0,0.8098000657364106,20,0,1
inv_0104,2024,1,15,0.6862441114949283,0.7964780793956745,0.6525302712641877,1.231835394473183,0.5126674375030051,0.3443006812309351,0.14303188126605976,3,1,0.0,0.7666287420679518,72,0,1
inv_0104,2022,1,20,0.573746003580755,0.5416564437440762,0.27401197531563537,0.12220103477156502,0.629384032457841,0.283473827820395,0.08714213972176399,2,2,0.20561983362339162,0.6728251516585524,109,0,0
inv_0104,2023,1,26,0.32282465746222144,0.4886901058083823,0.2107347577890218,1.2641095403629385,0.7770238351359777,0.2257835683974922,0.0,16,3,0.3277070923016402,0.43077992300441087,104,1,0
inv_0105,2023,0,18,0.44214871248367454,0.7708964715594334,0.34785505860523175,1.0338137735530912,0.06758817320138429,0.3418565751530932,0.5905552516455225,15,1,0.2986961981782386,0.6674382041090273,67,1,0
inv_0105,2024,0,35,0.795476459498514,0.7318979471478259,0.30974658010690165,1.3098627375920742,0.15001595587934846,0.4325746811178788,0.41740936300277276,5,3,0.0,0.8184644576369325,473,0,1
inv_0105,2022,0,13,0.43123202771464175,0.16303946919666656,0.694598556404412,-0.3175398716747946,0.0461513933285641,0.07263898671002914,0.8812096199614068,3,1,0.13259522350864603,0.6542439886642254,33,0,0
inv_0106,2022,0,6,0.7530210169443711,0.5109046199076,0.07061891129820118,0.183568450896808,0.8192270231837387,0.07876900519325201,0.10200397162300924,3,2,0.10155900079230563,0.9009556313062411,11,0,0
inv_0106,2023,0,12,0.39902085231551454,0.5029035937854988,0.7157620512859489,1.808216063148999,0.6121247703991186,0.10542240831203958,0.2824528212888418,4,1,0.0,0.8081203304494495,26,1,0
inv_0107,2024,0,11,0.5127297297275871,0.4407112992549002,0.46098148157211627,0.052870336716438704,0.24179724638757874,0.12177882200739512,0.6364239316050262,1,3,0.10822657452697769,0.6909777819821726,28,0,1
inv_0108,2024,0,2,0.6379749332601072,0.7536754104559445,0.5804133533100732,0.8988206384259814,0.2994859679997041,0.3002662569440017,0.4002477750562941,7,4,0.0,0.4553996505243981,0,0,1
inv_0109,2024,0,7,0.7946674377771321,0.4084805679592712,0.6234824444019267,2.0824520140975373,0.3568511887007339,0.4378215481871673,0.20532726311209876,23,8,0.4379482872114565,0.7509103130270379,16,0,1
inv_0109,2022,0,15,0.7939874793430285,0.7225455459291601,0.2258028877636233,-1.22923295669397,0.2788739314507413,0.041856399272393124,0.6792696692768655,7,3,0.0,0.8328580579805739,83,0,0
inv_0110,2024,1,8,0.4364477557618406,0.4053198282041035,0.3868983332625176,0.22635548962273985,0.2560943715870169,0.19886870990509986,0.5450369185078832,1,2,0.0,0.8440383299544774,12,0,1
inv_0110,2023,1,7,0.6666860506390762,0.8143127894221357,0.4721405829063632,0.45149614711350095,0.34025940071227195,0.24169587760996378,0.4180447216777643,7,3,0.27270035594251124,0.966006123919611,14,1,0
inv_0110,2022,1,25,0.6313710758950224,0.4419054930725116,0.21352915940472258,-0.989102927419117,0.20735535443645267,0.23784787299377538,0.5547967725697719,5,3,0.14895951624838397,0.8082845874224962,189,0,0
inv_0111,2024,0,5,0.35938177395806664,0.37144792716354125,0.4696479169378636,-0.11477697438443424,0.30348818041641556,0.2986186433173942,0.39789317626619025,7,2,0.0,0.6954378459699216,3,0,1
inv_0111,2022,0,21,0.495776728808403,0.5675839565312414,0.6323973693002952,-0.5271050216432529,0.31880162045326,0.3086542421099642,0.3725441374367758,1,4,0.04394124838474121,0.8615227466143405,104,0,0
inv_0112,2024,1,4,0.291184020906512,0.6265073248459575,0.27217411025466015,1.136148374680675,0.4398616889397221,0.08254773545097496,0.47759057560930296,4,3,0.2725516218934299,0.8182431639976426,1,0,1
inv_0112,2023,1,110,0.6964294892107237,0.6870752869246421,0.6516201352333328,-0.9361178841020787,0.6971214631422397,0.12471349050939096,0.17816504634836938,10,2,0.0,0.6572738697135349,4175,1,0
inv_0112,2022,1,10,0.41280925286261305,0.5231939041681609,0.56486441682627,1.9614580975844371,0.3218642406079123,0.18842397615136722,0.4897117832407205,1,2,0.1995012129851456,0.4180890621782101,18,0,0
inv_0113,2024,1,9,0.6286824782547245,0.2608875112694326,0.4587568664246257,1.0019179306063561,0.3697495090817582,0.5077563909067173,0.1224941000115245,2,2,0.4463765047896827,0.5553998354951633,22,0,1
inv_0113,2023,1,30,0.7338154344484413,0.6291465788277968,0.5340790860363518,-0.39305726418163084,0.32155178501991977,0.10870373687507535,0.5697444781050048,3,3,0.26693452200234297,0.5573959183461619,319,1,0
inv_0114,2022,0,8,0.8121139310756338,0.2494402971137802,0.5814095355735629,1.0711355638975821,0.5445578517067332,0.16687413670603446,0.28856801158723233,12,5,0.0,0.8902748009122439,22,0,0
inv_0114,2023,0,39,0.6801889418927191,0.8290284287004728,0.46634620813417865,0.7275837388140088,0.40886442677721646,0.22846574542441128,0.36266982779837226,14,3,0.3016423874078515,0.6598905184952977,504,1,0
inv_0114,2024,0,16,0.9107375468937899,0.5327915415806853,0.2396731423339306,0.21898590016746028,0.0526420433886819,0.2462463466706466,0.7011116099406715,1,1,0.11373596185734314,0.6103063034041277,109,0,1
inv_0115,2024,1,11,0.5175906410829375,0.6527804229253021,0.3432209275612062,-0.12716550606069316,0.3222453097287672,0.15446821598689936,0.5232864742843335,12,1,0.3312932935987245,0.5911851373286439,28,0,1
inv_0115,2022,1,10,0.6886723232331762,0.7052932440529963,0.4211174919955814,0.8881306256059871,0.36294920795165286,0.22854441826285568,0.4085063737854915,14,5,0.0,0.7439489206011956,30,0,0
inv_0116,2022,0,32,0.531275592644157,0.8843851970274152,0.325812581744156,0.3483362925983435,0.24020997863677873,0.039674409702294196,0.7201156116609271,13,1,0.21211888484323344,0.6653161393549691,263,0,0
inv_0116,2023,0,14,0.3760291080661166,0.10177530931720273,0.5217927101729565,-0.30139240981214765,0.3815194851990286,0.10220954277615535,0.516270972024816,2,2,0.0,0.7297424375850663,34,1,0
inv_0116,2024,0,17,0.7914098346007317,0.6239113192955738,0.480564377407488,-0.8246040752769386,0.48776476839669924,0.03256481844243461,0.4796704131608661,3,1,0.08142487061167757,0.6693855900463499,107,0,1
inv_0117,2022,0,18,0.4742132187233655,0.757016079520604,0.31444081873446095,-0.4304712166697069,0.49457125086458237,0.3810851893072906,0.12434355982812711,1,3,0.05936973578418769,0.7554980492587203,72,0,0
inv_0118,2022,0,13,0.45417852169763046,0.6715872241714294,0.6497095352228961,-0.15263828450978018,0.17687109567243786,0.03245481462349747,0.7906740897040647,1,1,0.0,0.5640247485234074,35,0,0
inv_0118,2023,0,18,0.40374500203048236,0.778609703518029,0.23287361765222117,1.17998982735318,0.11001523043351932,0.23310842628396652,0.6568763432825141,3,1,0.0,0.518074221460309,61,1,0
inv_0118,2024,0,11,0.6160520795892682,0.29763320998981463,0.6328431691201206,0.9386071598057931,0.0547998740917902,0.1503302546343872,0.7948698712738226,4,4,0.1142368701098228,0.6179014018609059,33,0,1
inv_0119,2022,1,11,0.24403421516571538,0.4346545031602116,0.5539862095765319,0.08994597254873982,0.2785201296638159,0.10792173683217766,0.6135581335040065,5,6,0.23592905278064805,0.8249638759707614,13,0,0
inv_0119,2024,1,4,0.1753073986916579,0.6022453314603649,0.5696071417562789,0.12104483224608559,0.3970907555293406,0.1921256646870569,0.41078357978360247,10,1,0.0,0.7739471125635322,1,0,1
inv_0120,2023,0,15,0.6958517588719897,0.5423051292842148,0.43717502028362837,1.0430818236413595,0.2912651436832966,0.05595288243223505,0.6527819738844683,95,3,0.2830948925011308,0.6633336926348042,73,1,0
inv_0120,2024,0,3,0.22818732149124132,0.6846256528365815,0.40947055615459255,0.46387739954021034,0.333266224438683,0.28332549745503055,0.3834082781062864,3,5,0.30293603751907033,0.5328959065144555,0,0,1
inv_0121,2023,1,15,0.7216828188147862,0.6225947802456986,0.674920519059097,0.6527318078994397,0.2718281633642208,0.010234881716778717,0.7179369549190006,1,2,0.1669742263432432,0.7739077334057098,75,1,0
inv_0121,2022,1,9,0.654970026451781,0.7205453770251635,0.47565802466255735,-0.1127003243954548,0.3687271071217605,0.3708864822830683,0.2603864105951712,7,4,0.21368698711359227,0.9132149315164825,23,0,0
inv_0121,2024,1,16,0.40388579753540016,0.43008055176148413,0.4770345260218103,0.35126491436148344,0.46669976063815144,0.10773918733454657,0.425561052027302,5,4,0.0,0.9177564183372345,48,0,1
inv_0122,2024,1,5,0.25953993120718405,0.5459467197476889,0.31251274835063714,0.45340933377527026,0.5246698476439827,0.25384146168839866,0.22148869066761862,2,4,0.19248877735562722,0.8463343568908859,2,0,1
inv_0122,2022,1,2,0.6208777631323519,0.7246263530132206,0.37842256120193407,0.3770466024210313,0.2542067453074398,0.25917033054159627,0.4866229241509639,11,5,0.0,0.3381801327462206,0,0,0
inv_0123,2024,0,9,0.5664932303474223,0.7450321107341099,0.396280070397868,0.8372543294846903,0.4954937695677136,0.14884583117178535,0.355660399260501,1,3,0.0,0.8709577630231694,20,0,1
inv_0123,2023,0,5,0.9132723980773255,0.7671042717348676,0.27314327776778197,0.8622830715328399,0.14200825080304574,0.19135320616812204,0.6666385430288322,3,1,0.0,0.6486509574326857,9,1,0
inv_0124,2024,1,2,0.7956314897589789,0.43113910676420664,0.21920177339056338,-0.28516626775962944,0.3757520530202262,0.09872266668521967,0.5255252802945541,4,3,0.23449148215581303,0.9190296097591485,0,0,1
inv_0124,2023,1,22,0.5764999425951974,0.7077350865532146,0.6874363835426593,0.04982838739929818,0.25799222089078266,0.2566321803049639,0.48537559880425346,1,1,0.18561261670412532,0.7023867986267188,133,1,0
inv_0124,2022,1,43,0.1747522141412978,0.5802324787438413,0.3379000035280981,-0.099898826576237,0.49705460888326336,0.35114536234617666,0.15180002877055998,1,1,0.0,0.4527722314680633,157,0,0
inv_0125,2024,0,6,0.37089835655563896,0.6515640693463294,0.34587758662725876,1.3608206128881715,0.054987927134188125,0.10100641191967372,0.8440056609461382,5,4,0.30971697261850484,0.9387859003799705,5,0,1
inv_0125,2023,0,11,0.8050386016309761,0.35925860656268666,0.3006444598304304,2.0527924238126722,0.46534399142068744,0.14504877320674836,0.38960723537256425,17,3,0.18946795559259313,0.7646047845235104,44,1,0
inv_0125,2022,0,9,0.4779250440810596,0.7107388382542843,0.42775448922495124,-0.12089710010952914,0.4864891192762869,0.4214920600514291,0.09201882067228401,11,2,0.10475480637220229,0.9256462940951796,17,0,0
inv_0126,2022,0,7,0.6563288775718714,0.9530506866500927,0.6089982384503422,0.1163238035544937,0.178773595189683,0.33667020146622245,0.4845562033440946,12,2,0.10857460755998341,0.6811435514906293,13,0,0
inv_0126,2024,0,20,0.7770091100815734,0.6310809132144487,0.39660034751695367,0.923851864957865,0.307615975924672,0.45169633720202285,0.24068768687330522,2,1,0.0,0.8934967728085834,147,0,1
inv_0126,2023,0,27,0.6921680557545113,0.4085323809578988,0.463668242165326,-0.3157688633837784,0.40935304628890096,0.35309510514323444,0.23755184856786454,5,2,0.0,0.8350608070570433,242,1,0
inv_0127,2022,0,6,0.4522219823623594,0.3605908402116611,0.6515149803746192,0.9419266620659814,0.30328086839317164,0.3339147288384857,0.3628044027683427,1,2,0.2805127421110493,0.6765986953951071,6,0,0
inv_0127,2023,0,12,0.7123184379900727,0.7171907556032252,0.8193153887972866,0.23330458955023023,0.26630871780974497,0.2036109894505699,0.5300802927396852,5,4,0.260353648328031,0.7583720865544533,47,1,0
inv_0127,2024,0,34,0.2943597263496615,0.5969446766592874,0.44411081061747726,-1.1449917623599706,0.404011496531814,0.058097283751144556,0.5378912197170415,17,4,0.0,0.592615517185301,165,0,1
inv_0128,2023,0,21,0.2923077638906971,0.21582395056211978,0.5324583225034207,-0.7903468642973557,0.3154967044251667,0.2908324171545335,0.39367087842029985,18,1,0.16656617075018806,0.686854653848674,61,1,0
inv_0128,2022,0,23,0.783298890336234,0.8070287120078159,0.5204464959372445,-0.02028325380063334,0.6810635611627218,0.07698346857721587,0.2419529702600623,34,1,0.1552888577129661,0.5844182315099019,198,0,0
inv_0128,2024,0,36,0.4410113010920793,0.7282918455496455,0.42222445314701273,1.2283588438326767,0.08216495728985666,0.047627358489234745,0.8702076842209087,12,3,0.1447479838319084,0.8060818064920379,277,0,1
inv_0129,2024,1,36,0.39958386225343556,0.6284534172558709,0.3802907929114977,-0.26402767871118255,0.5708886643090594,0.05162763672695642,0.3774836989639842,7,3,0.0,0.6007771805328598,251,0,1
inv_0130,2024,0,27,0.3591922708085634,0.40850045586033645,0.3847491521078016,-0.17728048104637195,0.3696175661770828,0.056056730415307905,0.5743257034076092,10,1,0.17149387156493368,0.5824955976274789,126,0,1
inv_0130,2023,0,13,0.6989705604406495,0.5535081370366749,0.36941341854346654,0.41889938142607813,0.42131037523315984,0.21120461392077616,0.367485010846064,8,1,0.1776098197928287,0.3235197381631167,54,1,0
inv_0130,2022,0,8,0.2890921777128557,0.7529249241721186,0.2743166692515679,-1.0850119648488064,0.34395983082513787,0.2141345636941417,0.4419056054807204,1,3,0.0,0.2011663923200794,8,0,0
inv_0131,2024,0,13,0.41729594317338004,0.6372179286747912,0.6520630316611543,0.48884262484611807,0.34359845648953624,0.28612197074336787,0.3702795727670959,1,2,0.0,0.7280449273579719,32,0,1
inv_0131,2022,0,7,0.7213711226680983,0.5872422198143998,0.6048705603085729,-0.9849920688792817,0.2864677150228467,0.04832624489459351,0.6652060400825598,10,1,0.08912297016853346,0.5105235864383144,15,0,0
inv_0131,2023,0,2,0.529920725551168,0.35674616761870726,0.22556898112593357,0.703747367569429,0.3113498878316093,0.0750512255908808,0.6135988865775099,36,3,0.46704152885824185,0.8761263666082368,0,1,0
inv_0132,2024,1,9,0.6073521809163341,0.6478853953085552,0.4225256852710588,-0.19702246578991583,0.49407261176603934,0.09482246680511165,0.411104921428849,11,3,0.0,0.6244666958827766,21,0,1
inv_0133,2023,0,16,0.480766969737718,0.4468046874553393,0.5167971285477903,-0.5036393121718523,0.2286741970256825,0.10620210993247119,0.6651236930418464,1,1,0.0,0.812339835265269,57,1,0
inv_0133,2024,0,7,0.8212200496594778,0.6039902695487511,0.20194349462995909,0.468237299625435,0.08306559281568515,0.46721023798911565,0.4497241691951992,2,2,0.0,0.8291102871790405,17,0,1
inv_0134,2023,0,10,0.6271979015295697,0.7075656217220946,0.2592592137276873,0.8851924076008527,0.4876001283494848,0.23907732484448152,0.27332254680603363,3,2,0.0,0.8618436078632341,28,1,0
inv_0134,2024,0,10,0.6774368204516055,0.6247256159914986,0.4671087261170939,0.5510078848457496,0.25431612816278326,0.17908181105381696,0.5666020607833998,1,2,0.0,0.9629329636864606,30,0,1
inv_0134,2022,0,36,0.6500334659664687,0.6748986605968103,0.5922013114374679,0.41611479988028477,0.29671951085476717,0.3987121863916279,0.30456830275360497,1,1,0.19301772405360712,0.8913853447592355,409,0,0
inv_0135,2024,1,9,0.5308184120494094,0.7587828556057475,0.36813249067448706,0.6274417675337844,0.2327349225691826,0.1119763271953646,0.6552887502354527,4,4,0.30528126954506085,0.7659235304583041,19,0,1
inv_0136,2023,1,36,0.14750501888260922,0.5500827891930697,0.25782442549849827,0.7558575102093292,0.4384748649112066,0.3799497237096805,0.18157541137911293,5,6,0.15342665461598679,0.9017372813605804,92,1,0
inv_0136,2022,1,2,0.5352282342770235,0.8325272429042557,0.3460844103557172,0.8084289568388034,0.2638815716457513,0.04930968738920594,0.6868087409650427,1,1,0.5938520529174759,0.5656689918549469,0,0,0
inv_0136,2024,1,35,0.488845335413997,0.5382466297302315,0.07403202116519308,0.13457515994643743,0.30055055566050703,0.09652438064293958,0.6029250636965534,1,3,0.0,0.8591035269306374,290,0,1
inv_0137,2024,0,34,0.6917370520592253,0.7377673815881827,0.5147098422242552,0.7736023590245921,0.48848744664821203,0.1681494504050324,0.34336310294675554,14,3,0.41903640144319676,0.9491257046375294,388,0,1
inv_0137,2023,0,25,0.35644492430984,0.8694851826590082,0.3599058872635168,-0.3885521801449604,0.10700984925728911,0.3907605287935088,0.5022296219492022,3,2,0.0,0.5732770878640258,106,1,0
inv_0137,2022,0,2,0.2009322174175581,0.6848234869332986,0.13081858724871184,1.1231146108970997,0.3041111463655416,0.21332474251231082,0.4825641111221476,3,6,0.0,0.4510781522038709,0,0,0
inv_0138,2024,1,27,0.5603743719880836,0.6770999126256215,0.6662131606941265,1.0759549190307858,0.3198451830105629,0.09647922968601784,0.5836755873034193,2,2,0.0,0.6682794584431304,196,0,1
inv_0138,2022,1,11,0.5484412077079313,0.6718245609110426,0.6588680416915328,2.1947208036677663,0.20650957196862993,0.21559724285594542,0.5778931851754247,2,3,0.2788027676214478,0.8426531431005649,30,0,0
inv_0138,2023,1,2,0.10600137835557447,0.636816228377494,0.3622715192786404,0.8610787610444557,0.7223238700554541,0.16688983096895155,0.11078629897559439,16,2,0.0,0.6834102999905349,0,1,0
inv_0139,2023,1,34,0.5222988921444356,0.6686710341015012,0.4720925801971339,1.1772797492380718,0.431745909948677,0.04188136144852636,0.5263727286027966,1,3,0.18738423719221306,0.8783209845527542,293,1,0
inv_0139,2022,1,38,0.2916528807684308,0.2955244311927688,0.4587923121025622,-0.7984306304100832,0.2096648239079929,0.4749920993325481,0.315343076759459,5,4,0.0,0.5215675002521616,205,0,0
inv_0139,2024,1,2,0.3948226874843675,0.7849653423772815,0.3875499034210882,1.203357393844578,0.23943154931600905,0.04646408307673211,0.7141043676072588,4,1,0.23368623268581573,0.7409214105742068,0,0,1
inv_0140,2022,0,14,0.6747179847950109,0.7766524469635654,0.4937361908975849,1.1911648178914112,0.5198990764934562,0.31105115075495077,0.169049772751593,1,2,0.2294921636741173,0.26177571980270026,61,0,0
inv_0140,2023,0,36,0.7720531897844723,0.430751876582344,0.5355965096989476,1.453777034710761,0.41973857090657557,0.35775039213155246,0.22251103696187202,5,4,0.0,0.4190775349552898,486,1,0
inv_0141,2024,0,32,0.5082340470788093,0.7271134139174162,0.4299807335841943,0.34637308187319943,0.29234823423459855,0.28017050485478456,0.4274812609106169,1,3,0.0,0.8611678830681798,252,0,1
inv_0142,2024,0,23,0.594552799697607,0.6766048229524797,0.5121655096277207,-0.023514700886408113,0.06630029654000696,0.3173869056036902,0.6163127978563028,8,1,0.2324557121859896,0.7405894427258742,150,0,1
inv_0142,2023,0,2,0.37570439674589157,0.5556765919612265,0.4256073034024396,-0.6216118202212968,0.29529115737996897,0.1868903155412354,0.5178185270787956,1,4,0.11309867441944754,0.6008164947885538,0,1,0
inv_0142,2022,0,21,0.7921153835218238,0.4048891864862491,0.5761800032291845,-0.5484287694936311,0.3149950236185805,0.12301397571506999,0.5619910006663494,7,3,0.0,0.3661081111434493,166,0,0
inv_0143,2022,0,10,0.2621197169938404,0.5978517897559514,0.12132218828605809,0.2295146603554269,0.10012917915121991,0.14687561942791352,0.7529952014208666,2,1,0.0,0.8663046203496445,11,0,0
inv_0143,2024,0,27,0.6979369050135733,0.8316225246365113,0.550135322220057,-1.1511503977630655,0.3723260430423879,0.08887813444276978,0.5387958225148423,2,2,0.15308619865624437,0.6526435528764342,244,0,1
inv_0144,2022,0,14,0.5828279834599006,0.5686764663616055,0.4765015323300244,-0.3645748864650392,0.18320942353660433,0.047180692646177406,0.7696098838172183,5,3,0.14321735786762263,0.6605552777514313,53,0,0
inv_0145,2024,0,11,0.4338979310710344,0.7041924016927097,0.4299538026801338,0.32161764060852105,0.18609384109798505,0.08101298772353163,0.7328931711784833,1,3,0.23095179809180183,0.8144627215916144,23,0,1
inv_0145,2023,0,20,0.3913792845011817,0.628473860678835,0.5783153169578039,0.303762762168169,0.27117990428929256,0.27726244896857355,0.45155764674213383,4,3,0.0,0.6912556594620396,74,1,0
inv_0145,2022,0,10,0.7002844070803903,0.523988320802448,0.4852882100694254,-0.525515002696664,0.6220625890030146,0.25524252153315147,0.12269488946383394,9,3,0.17416118082436452,0.7637213690146569,31,0,0
inv_0146,2024,0,11,0.32925587705664777,0.8515165199796543,0.8267648503876612,-0.7370906483669096,0.27486330176075074,0.09327138079990481,0.6318653174393445,12,4,0.0,0.9107998792099182,18,0,1
inv_0146,2023,0,7,0.5885055404262617,0.4352402903526609,0.25396550358437664,-0.6176099651088134,0.48997520636081404,0.18808146711621335,0.32194332652297264,2,4,0.17589619824084893,0.9308852307586141,12,1,0
inv_0146,2022,0,3,0.6154066648445136,0.38612592798565604,0.3317394992712748,0.07331827295610399,0.18605449315846334,0.43429545898135474,0.3796500478601819,3,3,0.3044464106335459,0.23979254711225764,1,0,0
inv_0147,2023,0,19,0.3934694712507488,0.6288951066575207,0.5032308605137628,1.9538377144666121,0.4404860063506668,0.2284044062542783,0.3311095873950549,1,3,0.0,0.4829866226683869,67,1,0
inv_0147,2022,0,6,0.5355436975164636,0.7150787114580889,0.7868758681259229,1.0982712688538174,0.4205125792805812,0.18358833568679256,0.39589908503262616,2,6,0.11682473462389176,0.6973212060336764,8,0,0
inv_0147,2024,0,10,0.6125368189085478,0.3815573835358992,0.7041781102908844,0.42135552310739294,0.49445987769343536,0.18286658927805924,0.32267353302850543,1,1,0.0686144395323699,0.9217186092526884,27,0,1
inv_0148,2023,0,15,0.687984184380019,0.6332527006683989,0.1933102642675239,0.6931126122749617,0.05817048018697466,0.055178337481477976,0.8866511823315474,6,4,0.21104925910321548,0.8578768830294826,72,1,0
inv_0148,2022,0,2,0.25888576938963775,0.38930581404841125,0.5170752915295431,1.0626918991041132,0.1666412725752628,0.3125107408199375,0.5208479866047997,10,1,0.0,0.7167187777738675,0,0,0
inv_0148,2024,0,2,0.42633209530813543,0.6199672408554382,0.8351208802636664,0.7904949207431925,0.279705887072323,0.11688363189323156,0.6034104810344454,2,2,0.0,0.7425972279505485,0,0,1
inv_0149,2023,0,9,0.07162203242471302,0.6109450021855042,0.4294919233748979,0.003432021258194279,0.5298688838391735,0.10215023607827255,0.3679808800825539,1,4,0.0,0.539049890766188,2,1,0
inv_0149,2022,0,17,0.7930913818294324,0.5376962874979657,0.21949283820228638,-0.4264705652572308,0.07927703807507014,0.1564849882137784,0.7642379737111514,6,1,0.0,0.6711561435032355,107,0,0
inv_0150,2024,0,22,0.7395628454627635,0.3664884241843309,0.20578855511501207,0.14978066341956986,0.37939037097709477,0.21258225190419336,0.40802737711871195,1,1,0.25199165300819315,0.7101095090886614,170,0,1
inv_0151,2023,1,3,0.2537778982266585,0.6821462297885827,0.5765402439542716,1.2533933335295366,0.421648580810171,0.48425750663949985,0.09409391255032917,8,1,0.2469157479832232,0.9341405387288249,0,1,0
inv_0152,2022,0,20,0.5822872209049902,0.40994789175855717,0.15782804987482815,0.033687059644607165,0.44152342938377387,0.23713091118849172,0.3213456594277344,31,1,0.0,0.661863675959724,110,0,0
inv_0152,2024,0,10,0.4976877809825382,0.7580515999589673,0.6936260274508197,-0.6337405033101199,0.14323986705636987,0.29478968045126,0.5619704524923701,1,3,0.0,0.7952818226360834,22,0,1
inv_0153,2022,1,6,0.32349757588321376,0.5173483565516206,0.12314530341046429,-0.9287583942194584,0.33858023915099744,0.11017628160529248,0.5512434792437101,2,2,0.0,0.8261322957336139,4,0,0
inv_0154,2022,0,7,0.47990575052411355,0.35307429725697975,0.6220836249068951,0.15317539065743085,0.2338253207189777,0.2190964508839049,0.5470782283971174,1,6,0.10519946578739106,0.9202740103082014,10,0,0
inv_0154,2023,0,23,0.5566789852709444,0.578268846097088,0.5116436289174503,-0.5705137940302732,0.04235670241153149,0.31618708659732386,0.6414562109911447,5,1,0.18616514818362412,0.6674955366100892,140,1,0
inv_0155,2024,1,15,0.07780027700150642,0.40737867614024714,0.7211696320119246,0.10078729089898597,0.5611341731641207,0.06797111757454,0.3708947092613393,4,1,0.3246637961067564,0.8739853352004652,8,0,1
inv_0156,2022,0,12,0.7711508261058309,0.9252752131864934,0.41324101509968003,1.414986023082657,0.2883568835982517,0.08530028815040373,0.6263428282513446,3,2,0.1824049848174001,0.6234416859563301,50,0,0
inv_0156,2024,0,14,0.3802557256604414,0.7395815838510703,0.27901764592133615,0.20692023100244772,0.12579936566508365,0.3251496566759368,0.5490509776589796,4,2,0.09805162643501725,0.6946004908337259,34,0,1
inv_0157,2022,1,25,0.6900593442398282,0.30110298722885687,0.5262072005599905,-0.1503686197990221,0.304828234394086,0.3114977481714411,0.3836740174344729,1,3,0.1760034835309295,0.8715064639911881,207,0,0
inv_0157,2024,1,11,0.8286546438201358,0.6554914474846224,0.2346628713436127,0.6970010247934952,0.3468239690585666,0.09265757912378628,0.5605184518176471,1,1,0.0,0.8156811828767652,45,0,1
inv_0157,2023,1,12,0.11805828772120722,0.6678860165270001,0.34721537336305636,1.9867637336642001,0.3969929434579704,0.22843449111386283,0.37457256542816675,2,3,0.1345564265712661,0.9553418636763831,7,1,0
inv_0158,2024,0,30,0.23740155071632907,0.4245132985770494,0.4156063617503014,0.1534430012743794,0.23322835036092682,0.4025931813322556,0.3641784683068176,1,1,0.0,0.8294496557995023,103,0,1
inv_0158,2022,0,9,0.5538012008627997,0.6917165726334735,0.13277060888748624,-1.634421042121577,0.5196252849774936,0.15904768149919213,0.32132703352331426,1,1,0.0,0.6342182359071777,19,0,0
inv_0159,2024,0,19,0.32705754139715876,0.6655056443401008,0.33902099092275584,0.7700612612207837,0.2862665229296116,0.2049225000679905,0.508810977002398,6,4,0.2286304455973325,0.7076920327225288,55,0,1
inv_0159,2023,0,8,0.7279091425332069,0.3892825959677878,0.6440087539250394,0.5271440487414696,0.286007625041445,0.17279655903273133,0.5411958159258237,4,2,0.0,0.7326620467573703,20,1,0
inv_0159,2022,0,8,0.6399955406626582,0.4258964679488754,0.7398363231264079,0.3220978843965808,0.17372882106012047,0.17965956626374474,0.6466116126761348,1,1,0.11600956658031937,0.9669758410076027,17,0,0
inv_0160,2022,1,11,0.5806448867850217,0.5724375330511083,0.30424009338818336,0.2746581930712258,0.6896688306999287,0.25788356598498546,0.052447603315085856,12,2,0.23893286952642792,0.903466008058681,31,0,0
inv_0160,2023,1,18,0.5253468160641019,0.7429398133502352,0.5512964946988217,-0.19581773990782553,0.27360564362019146,0.3299497771903988,0.39644457918940973,3,3,0.0,0.6734553149988337,80,1,0
inv_0160,2024,1,31,0.3999177649757299,0.45676808678400455,0.5961828768974816,1.6619793791470856,0.4895535937984392,0.26473674166076105,0.24570966454079973,1,2,0.0,0.7649191768797139,185,0,1
inv_0161,2022,0,13,0.5968269651127138,0.8702631250031829,0.4568739285762727,-1.220647467767238,0.48538772869618746,0.052915565605224715,0.4616967056985879,3,2,0.0782628334220933,0.7985635287000137,46,0,0
inv_0162,2024,0,3,0.8212735998834838,0.7572898704268417,0.2574242755197002,0.0028311353506085546,0.2499102828203096,0.09218870061443943,0.657901016565251,2,4,0.0,0.7507814941862685,2,0,1
inv_0162,2022,0,20,0.4037842768252283,0.6467905026642193,0.33728528738101593,-0.015872137268698405,0.26303560259909453,0.17820548693802116,0.5587589104628843,1,3,0.0,0.6590222327368878,76,0,0
inv_0162,2023,0,86,0.17806019921289784,0.2645947291984708,0.4164153492688579,0.9327534419177548,0.0827760621497879,0.22752047119047983,0.6897034666597323,10,2,0.18152443044166552,0.6855473391432917,650,1,0
inv_0163,2023,0,13,0.3031390751648067,0.7444894531666,0.40127552109321696,1.2385285163069952,0.37171726321789866,0.17402782563661057,0.45425491114549077,1,2,0.2194107073414141,0.6437112679597375,23,1,0
inv_0163,2024,0,3,0.35040567184368426,0.7026377907434554,0.7345931574773137,0.06861295197800588,0.5060453335425461,0.6128559133780227,0.0,5,1,0.0,0.588969963404603,1,0,1
inv_0163,2022,0,13,0.32195220295615623,0.29780526161237647,0.25648888365081707,0.40437268181494934,0.5754023608065502,0.06279417391723917,0.36180346527621066,1,3,0.0,0.6910394760900725,25,0,0
inv_0164,2024,0,12,0.8222556143872926,0.32281787853851757,0.3819665628161327,0.47238945158179113,0.1527953926638752,0.06161673362057308,0.7855878737155517,4,3,0.18297118801227819,0.7624813024485186,54,0,1
inv_0164,2023,0,11,0.2645621460839789,0.6650645215604428,0.3774138843075923,1.0926609915276675,0.11405564480598103,0.19326264983233507,0.6926817053616838,5,1,0.0,0.7689745630666636,14,1,0
inv_0164,2022,0,25,0.6867658021619835,0.7417538597190793,0.3849378023191613,1.076184357890452,0.21678009441256912,0.22702754007515125,0.5561923655122797,5,4,0.0,0.7146287616406782,206,0,0
inv_0165,2024,0,36,0.18003948744344567,0.6245066503283686,0.36785612317516053,-0.18073083559914482,0.18273465182164392,0.0596060713400134,0.7576592768383427,4,1,0.2590988817690645,0.8786963879573545,113,0,1
inv_0165,2023,0,21,0.30293539664308766,0.5566948249716068,0.5737429521839326,0.6003211211490485,0.07814898210030466,0.08632523187765298,0.8355257860220424,3,1,0.0,0.8941877772137198,63,1,0
inv_0166,2023,0,10,0.745429363884818,0.7328445679605794,0.24460364263284967,0.5566014339782912,0.04711034153170082,0.128936916373577,0.8239527420947222,1,2,0.0925968969330079,0.5655114571504317,33,1,0
inv_0166,2024,0,29,0.4090023031385596,0.7016513973278616,0.3226107956696135,0.1572720425201048,0.15180472699252545,0.48902802828382214,0.3591672447236524,1,1,0.21465559056019795,0.4983065619246765,166,0,1
inv_0166,2022,0,3,0.5216288279449214,0.393382763438431,0.4969726873991226,0.5490253872257276,0.11678921651805026,0.44672271949719244,0.43648806398475726,6,4,0.0,0.5283938871636549,1,0,0
inv_0167,2022,1,6,0.4808728623752384,0.8295968019384522,0.36925272933597125,0.46615020950098,0.6427372268004716,0.13152722336164815,0.22573554983788022,1,1,0.0,0.7137749553163917,7,0,0
inv_0167,2024,1,7,0.7257473408231079,0.5387368150434638,0.20891672286549248,0.576312479291589,0.23555332717102562,0.429502280292061,0.3349443925369134,1,3,0.3287765258396579,0.693426890092228,15,0,1
inv_0168,2024,0,11,0.5064237312055218,0.588605372079065,0.5965675269842208,-0.8348050493699992,0.17966924389579286,0.11289130711933594,0.7074394489848712,18,4,0.20472953534883184,0.7839408453602774,27,0,1
inv_0169,2022,0,18,0.8491470321886208,0.5966257144139652,0.4840488295764165,-0.4843690976549033,0.07637192356836496,0.1619164110377628,0.7617116653938723,3,1,0.0,0.896818621216243,129,0,0
inv_0169,2024,0,10,0.47308075569280394,0.7280567846693887,0.5116194755624668,0.9042044076585531,0.20374319645275826,0.5081386162290944,0.2881181873181473,8,3,0.0,0.4010645462261926,21,0,1
inv_0170,2022,0,5,0.25646239886797506,0.748680906156377,0.20486549392017403,-0.718470301455295,0.45880388071473177,0.01797052475518964,0.5232255945300786,10,3,0.20732593429936044,0.881818895038278,2,0,0
inv_0170,2024,0,26,0.0,0.49980379628769617,0.350943449973331,0.6260873673565549,0.2626338452516761,0.20019916109247898,0.537166993655845,4,3,0.0,0.8952243982667102,0,0,1
inv_0171,2023,0,10,0.6799565974580719,0.5419078661722159,0.2519176755874147,0.18485921517963916,0.04044765058335354,0.2680066244057875,0.691545725010859,3,5,0.15213246998428848,0.8571911141741391,30,1,0
inv_0171,2022,0,13,0.2508182986227503,0.8254768945529525,0.620952514725981,1.0745237834638648,0.20314646138328263,0.06811511505571186,0.7287384235610055,3,1,0.0,0.9581809095787697,19,0,0
inv_0172,2024,0,18,0.5850038734261822,0.4539077407550197,0.3386262401030388,0.7690404336773483,0.20568519501833427,0.08756737177891671,0.706747433202749,22,5,0.0,0.4557549088564614,89,0,1
inv_0172,2022,0,12,0.5101307028014603,0.882889691495497,0.5491280174321076,-0.11262333636546817,0.17606074057094978,0.0534273087806523,0.770511950648398,2,3,0.09259475791881015,0.6110408426133723,33,0,0
inv_0173,2023,1,12,0.2932863346593721,0.6866078485412742,0.6472785065314716,0.2714013217027601,0.5966403858069536,0.22834927411174943,0.175010340081297,5,1,0.0,0.8270001567532601,19,1,0
inv_0173,2022,1,27,0.5353355294127556,0.6549958702333302,0.3577005566489348,-1.1384302516480684,0.678388922375334,0.2391790636853208,0.08243201393934521,8,1,0.0,0.6599155950158788,187,0,0
inv_0174,2023,0,13,0.4879959363151519,0.5254253501840629,0.5028959716219622,0.1456815078458169,0.5482134804868539,0.08138085430097687,0.3704056652121692,5,3,0.0,0.8928441691315813,38,1,0
inv_0175,2024,0,24,0.5843566847575138,0.5615325931317223,0.5978681004607201,-0.7661189940833524,0.2775045609517039,0.026873804116229725,0.6956216349320663,13,2,0.11436133888512107,0.640044756438419,161,0,1
inv_0175,2022,0,18,0.6601613204745851,0.6729974294892423,0.6857330956718939,0.07503491359315487,0.674033294225704,0.04931970036381284,0.27664700541048315,3,1,0.0,0.8272034290218753,101,0,0
inv_0175,2023,0,61,0.6142310556114635,0.7606726874442005,0.36666787781773863,-0.2603345871646957,0.37328684900849385,0.3250273756489229,0.30168577534258323,8,3,0.1750665852537013,0.7006094431252342,1124,1,0
inv_0176,2023,0,16,0.5612364965415131,0.19908877690079746,0.3758194836756554,-0.4513033615115849,0.06373784395053811,0.044190307979464466,0.8920718480699975,1,7,0.16685822590207364,0.749877081087218,67,1,0
inv_0176,2022,0,20,0.28242029264657675,0.3717973643591836,0.399100401455405,1.2001796096961712,0.27129922334931855,0.23972363572000452,0.4889771409306769,17,2,0.21516199335784,0.8766438953643056,53,0,0
inv_0176,2024,0,29,0.31368167430978583,0.31340840742563786,0.6723412866582394,-0.770968717605643,0.31722402463754623,0.13581543003310476,0.5469605453293491,13,3,0.2759537229733583,0.8956826643673722,127,0,1
inv_0177,2024,0,12,0.6789002708554018,0.7952664289639033,0.3763466906799858,-0.5204520907294764,0.009584873118490073,0.4696402760569586,0.5207748508245513,3,2,0.0,0.9476881564073198,44,0,1
inv_0177,2022,0,7,0.6829180797783561,0.367630825876677,0.21843010480263308,-0.30856883471206364,0.15573125988552955,0.30141986207470917,0.5428488780397612,6,4,0.0,0.45672004379145265,14,0,0
inv_0177,2023,0,8,0.7231914662912672,0.43451798023218846,0.7285087846921631,-0.13489444709647302,0.13208764378549923,0.27342803091551066,0.5944843252989902,10,2,0.0,0.6915791321795652,20,1,0
inv_0178,2022,1,8,0.798385125231202,0.5949081288338883,0.5834711226860788,-0.2514228091772354,0.21353814753178724,0.5540997096405058,0.23236214282770695,1,6,0.0,0.8739842573984913,22,0,0
inv_0178,2023,1,5,0.24454468651531172,0.5718523850545175,0.16696776131354227,0.16268120615496595,0.46472637908755,0.2347278171360709,0.3005458037763791,3,6,0.0,0.8346721572290974,2,1,0
inv_0178,2024,1,15,0.7716291606846386,0.5921866658209177,0.5067246997100923,0.6917234534550918,0.219720340904279,0.14519376818595658,0.6350858909097645,1,5,0.0,0.6927441115189454,81,0,1
inv_0179,2023,0,7,0.19165646311323215,0.9542463280555588,0.4708672870618522,0.7858870064231726,0.4179891202903213,0.0905988406608924,0.4914120390487863,13,3,0.26391679945971674,0.9451256200592535,4,1,0
inv_0179,2024,0,14,0.6514560224815241,0.5131030196040649,0.5531913921844162,0.7470463659282021,0.29864309111565035,0.31265712338989315,0.3886997854944565,10,3,0.19465713589911127,0.790989094726839,59,0,1
inv_0179,2022,0,10,0.7212412903121013,0.3299598851105309,0.22649630840390822,-1.2765620626648517,0.33874938622510414,0.04423783495734835,0.6170127788175476,3,2,0.0,0.8785757790280154,32,0,0
inv_0180,2023,0,11,0.8240976550635288,0.5727563133990567,0.636211635715855,0.5541567148091499,0.30196958461116663,0.41704984487889163,0.28098057050994174,3,3,0.0,0.794407887801571,45,1,0
inv_0180,2024,0,19,0.7122573389656861,0.9384639436147274,0.27494598647299734,0.6035187941705014,0.25004028616295415,0.42261955843768473,0.3273401553993611,3,1,0.0,0.8657511466094653,121,0,1
inv_0180,2022,0,7,0.48782843577420665,0.4301354774460521,0.28139555912091146,-0.2799193149689406,0.22917121120333594,0.1901896539996883,0.5806391347969757,1,1,0.0,0.6493865782591397,10,0,0
inv_0181,2023,1,20,0.643021074356675,0.25074512077490274,0.5401161956682328,1.7841473650457111,0.6264629835904969,0.29030793177779185,0.08322908463171125,3,2,0.0,0.8357276783403249,122,1,0
inv_0182,2024,0,42,0.6492541810723945,0.5695738104461258,0.585640538336179,1.1201329854516697,0.32615018242452054,0.09798634446312984,0.5758634731123496,1,1,0.14116610387098769,0.9304866118625105,559,0,1
inv_0182,2023,0,16,0.538525437304852,0.8218622863938868,0.2463718787116488,0.10358049348716444,0.1915892042764468,0.14708398293007638,0.6613268127934768,11,4,0.0,0.7607424004669325,64,1,0
inv_0182,2022,0,6,0.3714004025154679,0.5289294728812607,0.4906987142309067,-0.2267746442145862,0.35756251853959314,0.4253156564032109,0.2171218250571959,13,3,0.0,0.45556413571678006,5,0,0
inv_0183,2023,1,7,0.4200918165322721,0.6760905766211995,0.4618067773455015,1.7711555687543672,0.5641284373427822,0.20055519487860204,0.23531636777861578,11,3,0.0,0.7135407899212857,8,1,0
inv_0183,2022,1,9,0.23605060784563067,0.6136831102779811,0.5649890504682596,0.43478900971243645,0.6246108897975567,0.3297249335652918,0.045664176637151443,1,4,0.296409529292776,0.6794826167166933,8,0,0
inv_0184,2023,0,7,0.324062087544708,0.5383221670640223,0.5434459411315345,0.31802964612832557,0.20889234592157926,0.21482290753293323,0.5762847465454876,3,2,0.12990801489588105,0.6399174839126405,6,1,0
inv_0185,2023,1,5,0.19535455098012158,0.7466350757544591,0.5187672707373794,0.5079652777006793,0.5256620047486965,0.12750355841400368,0.3468344368372998,8,7,0.3955796793334712,0.6785236643576358,1,1,0
inv_0185,2024,1,13,0.5696257773960662,0.6804536891451257,0.5314274585747693,2.292483576972785,0.30246831548336295,0.2190306755619183,0.47850100895471875,9,2,0.4513562053300867,0.6690885121034708,44,0,1
inv_0185,2022,1,10,0.5759725696152171,0.6038682826621771,0.5538674200564225,0.27678778871436843,0.2872631705711279,0.2558753498512766,0.4568614795775955,1,2,0.0,0.6520272729465031,25,0,0
inv_0186,2022,0,14,0.9143712637348455,0.6036312360242333,0.18629418416158725,0.23108641856094658,0.4535810705485924,0.3194082937426262,0.22701063570878138,9,1,0.0,0.8637457318860566,83,0,0
inv_0186,2023,0,31,1.0,0.8501979705377587,0.555213475146412,-0.41485013039908747,0.24756857222683856,0.19232111088019097,0.5601103168929704,1,4,0.10475338381995383,0.7690979443013484,465,1,0
inv_0186,2024,0,10,0.8446085970415886,0.36518220077383007,0.6185425079409275,-0.061599553810911756,0.12076700312804743,0.3098722673292968,0.5693607295426557,3,2,0.2073306282442919,0.8089802649226785,38,0,1
inv_0187,2024,1,4,0.7114719160608668,0.6387289826403157,0.11825094493124125,-0.3751137554291987,0.350031046910188,0.13929065520834594,0.5106782978814661,15,2,0.0,0.6329397379818295,4,0,1
inv_0187,2022,1,8,0.5982776185965707,0.32874999680385025,0.6820403513057725,-0.19858660242649756,0.2711074707939188,0.36505442194679877,0.3638381072592825,13,1,0.0,0.5405493240157182,16,0,0
inv_0188,2023,0,22,0.6058547163982188,0.5268190705312895,0.2124759805101791,-1.1979613262461843,0.5088414226422755,0.2646297578631607,0.22652881949456383,16,1,0.12250516603417015,0.5368586644483895,139,1,0
inv_0189,2023,0,20,0.9549553276583893,0.36662132249045537,0.4493854204760132,0.9552196567830146,0.12050571597283226,0.17825515227996985,0.701239131747198,1,4,0.0,0.7536820728988037,181,1,0
inv_0189,2022,0,18,0.30310986307276333,0.7701399729157117,0.39188686220653635,0.37539707006873047,0.5689448688639582,0.0735600158389379,0.35749511529710387,1,2,0.2040963317701015,0.5975511091003534,46,0,0
inv_0189,2024,0,7,0.21385137212259359,0.5239004932782837,0.5209937803992155,0.4412874338246562,0.3227725947643712,0.2598522061099109,0.41737519912571797,2,3,0.0,0.7481225767497284,4,0,1
inv_0190,2022,0,22,0.752161572586125,0.7575630230783682,0.3371799289182181,0.2080493547737052,0.26099985355223143,0.24947177846209145,0.4895283679856771,3,1,0.0,0.5281536145847346,173,0,0
inv_0190,2023,0,26,0.7179497077126343,0.44497124360659984,0.4651438503591027,0.307412814013874,0.17715375397634106,0.1585750696552595,0.6642711763683995,5,3,0.19418546277306442,0.8281369051267173,233,1,0
inv_0190,2024,0,6,0.17983419118042887,0.6870094094810493,0.33090011323049184,1.5453112570003498,0.20733465799446874,0.18230540485276583,0.6103599371527655,16,1,0.1681514931280949,0.9973283711483183,2,0,1
inv_0191,2023,1,11,0.12804508473797993,0.5897204531015579,0.2646978621223337,-0.1650182334677926,0.49900986819000026,0.11053519284140924,0.3904549389685905,1,2,0.0,0.5693595002162382,7,1,0
inv_0191,2024,1,61,0.0,0.479910147313085,0.5441492464106342,0.6726854386233461,0.41916830319540355,0.16347675221250527,0.4173549445920912,2,2,0.0,0.5714179743921982,0,0,1
inv_0191,2022,1,6,0.9175478100585767,0.5359152133897116,0.29251162589225266,0.668392914260007,0.36834848051457614,0.5087150845470908,0.12293643493833306,18,2,0.0,0.7963462267964215,13,0,0
inv_0192,2022,1,3,0.34469911375799106,0.6384454561606008,0.536213847009969,1.3635913827166064,0.4736323382742056,0.18397073694497304,0.3423969247808214,1,2,0.20116377569300228,0.8474239962072474,1,0,0
inv_0192,2023,1,36,0.8800706629069984,0.48031553283327616,0.5960362010779087,0.8009238500430009,0.2788670338102549,0.1555136153957467,0.5656193507939984,9,2,0.24896493623453902,0.49132782970419675,554,1,0
inv_0193,2023,1,30,0.2987662495226589,0.7298616435490993,0.13099239203734808,0.8411350758618805,0.47132203475959866,0.0416349896165349,0.48704297562386645,4,2,0.0,0.5633568043333423,129,1,0
inv_0193,2024,1,8,0.08698126844315973,0.5192778613121859,0.6092257015913818,-0.5566156564318852,0.39241986857850375,0.16368872129363093,0.4438914101278653,6,1,0.0,0.5977568651457128,2,0,1
inv_0193,2022,1,11,0.13558291812657233,0.411399301894454,0.08864058772851577,-0.1971218813639854,0.4197257676002719,0.15744913046404158,0.4228251019356865,1,1,0.3751687786598808,0.7409448368041641,7,0,0
inv_0194,2023,0,4,0.22809194082765633,0.7188134347039609,0.20944273006177266,-0.6835107232508743,0.20550340439565085,0.28817185425105607,0.5063247413532931,9,2,0.24009980033020362,0.4376686884952917,1,1,0
inv_0194,2022,0,13,0.6400007775214278,0.6893388242825061,0.7192703191282558,-1.7306974379904443,0.20428863065727235,0.1795196765621633,0.6161916927805644,2,1,0.07427541195037086,0.6347066082575242,49,0,0
inv_0194,2024,0,30,0.7462227250203185,0.8785895501479969,0.6472940478183936,0.5677594688861103,0.07518122371017251,0.13204086584915167,0.7927779104406758,1,4,0.0,0.8332392124769581,324,0,1
inv_0195,2024,1,7,0.31798414051594215,0.6378192266713733,0.5955265566982072,0.24069692807358956,0.6096333726833796,0.2477829256542745,0.1425837016623459,7,2,0.0,0.36143686948483356,6,0,1
inv_0196,2023,0,24,0.5898484841003235,0.7258602600131043,0.26035140288887315,0.5692573508637542,0.5288580539060751,0.4075347181247817,0.0636072279691432,1,4,0.1320657838654084,0.868177271157072,162,1,0
inv_0196,2024,0,17,0.6494609569136072,0.8195044624021205,0.3632466369042049,0.27839142442840037,0.18518507255572492,0.041911561821660184,0.7729033656226149,2,2,0.21750361968462092,0.3633705130515618,88,0,1
inv_0196,2022,0,19,0.4502034171327883,0.48841294840443256,0.45942502135102103,0.44234905216288756,0.16538065345780992,0.08861188649665208,0.746007460045538,5,1,0.1037171963188133,0.6406410104503443,76,0,0
inv_0197,2024,0,8,0.6973201108804248,0.4595595571971902,0.41104073825611387,1.3204923294173618,0.20015141657703345,0.1909776272276124,0.608870956195354,9,2,0.0,0.7186864294944082,19,0,1
inv_0197,2022,0,9,0.48753176523243996,0.4065254704107556,0.16957057065961542,0.25583607142076287,0.4245846977414572,0.09724017163034854,0.47817513062819433,15,7,0.10891505196580543,0.6493989956390467,17,0,0
inv_0197,2023,0,2,0.8469356916048805,0.4603627379016758,0.3065431504435056,0.7851913744830611,0.20904011593827698,0.09305814272351999,0.697901741338203,26,1,0.18787838064341875,0.7377165043397712,0,1,0
inv_0198,2024,0,7,0.780660742318923,0.6020324322567557,0.3547190581544456,0.008205051172739175,0.24757511100963447,0.09990447887281079,0.6525204101175548,19,7,0.13882084186753554,0.5379144264526041,16,0,1
inv_0198,2023,0,30,0.44761032385979704,0.2677077672497139,0.4395244534526054,0.9098304960098069,0.3418740223203861,0.09578612640549283,0.5623398512741211,5,1,0.0,0.8548467321552797,194,1,0
inv_0199,2024,1,5,0.5114267877181895,0.7689305091420713,0.5520271504753456,-0.5417101237758246,0.36344351271287534,0.3271922730728624,0.30936421421426225,13,4,0.2809555617103273,0.5351219526859065,5,0,1
inv_0199,2022,1,6,0.5446093778504362,0.6125297844906391,0.29188001736920477,-1.0200449611999625,0.515612488511174,0.05634835129285455,0.42803916019597144,5,2,0.17842052823046237,0.5659469416203595,8,0,0
inv_0199,2023,1,20,0.5245976887171628,0.5011734729580591,0.19214298969688667,2.135328377331549,0.4322942766776958,0.23881983052888064,0.3288858927934235,8,2,0.4533714561441614,0.6141795587169658,99,1,0
